opt,unit,seed,lr_used,knob_used,primary,best_val_primary,diverged,fail_reason,steps_run,wall_s,sec_per_step,mean_step_size,clip_freq,peak_mem_mb,hess_norm,hess_cv,n_params,steps_to_best_val,steps_to_90pct_best,frac_budget_to_90pct_best,wallclock_to_90pct_best_s,train_loss_at_25pct,train_loss_at_50pct,train_loss_at_75pct,final_train_loss,gen_gap_loss,auc_val_curve,update_weight_ratio,update_cos_sim_sampled,grad_norm_mean,grad_norm_p95,weight_norm_start,weight_norm_end,weight_norm_growth,throughput_samples_per_s,flops_per_step_est,total_flops_est,hess_trace,hess_top_eig,eviekf_cos_mean,eviekf_cos_min,eviekf_b_simple_mean,eviekf_tr_sigma_mean,eviekf_eff_rank_mean,eviekf_gain_lo_min,eviekf_gain_hi_max,eviekf_n_active_steps,top5,test_loss,ece
EvieKF,full,42,0.09999,27000.0,81.94,83.3,False,,10000,1760.401742696762,0.17604017426967622,0.013473719299439663,0.0013,851.05029296875,nan,nan,11173962,9500,4000,0.4,703.1819393634796,0.3210144132082222,0.027443041343781668,0.00014363143469855804,5.1788285418297164e-05,1.3536219955890934,79.29894736842105,0.022387223159898006,0.007314401065237269,0.2979285499430145,0.7123205900192257,102.82429901468879,19006.279789869677,184.84229867839477,727.1067557790337,422940770304.0,4229407703040000.0,nan,nan,0.47181048787230695,0.3624182999494328,17.502764729055865,15.315600037695717,32808.390292129065,0.004873140249401331,1.0,9980,98.93,1.3536737838745116,0.14422332286536693
EvieKF,full,43,0.09999,27000.0,80.98,81.68,False,,10000,1766.284824371338,0.17662848243713378,0.015268002173706908,0.0005,851.05029296875,nan,nan,11173962,10000,4500,0.45,794.1394836902618,0.2825769935137808,0.02771877709524802,0.0008406549442537943,2.1334855773602612e-05,1.4786424783537602,77.98684210526316,0.02253657397222307,0.016553197564456962,0.26920715914746834,0.614670917391777,102.8339872880257,20765.68260040929,201.93404095328034,724.6849332216744,422940770304.0,4229407703040000.0,nan,nan,0.4567582183822184,0.38100011417056795,13.626900309388493,17.018890092504172,36936.25606855437,0.004919722210615873,1.0,9980,98.71,1.4786638132095338,0.1546750671207905
EvieKF,full,44,0.09999,27000.0,82.34,82.8,False,,10000,1765.1724679470062,0.17651724679470063,0.014367301613807884,0.0007,851.05029296875,nan,nan,11173962,9500,4500,0.45,793.7984836101532,0.3515389193793621,0.03198535346444708,0.0004765208811256201,1.4257350812840741e-05,1.4181911408272878,79.16578947368421,0.02238242288077963,0.0010362366982030868,0.27245251096901774,0.6181689709424971,102.7936942151574,20932.070108750984,203.63184987727053,725.1416069777653,422940770304.0,4229407703040000.0,nan,nan,0.46303406916519174,0.41184769627407825,13.79094584987639,13.723192539816637,31618.79673099745,0.005748624447733164,1.0,9980,98.72,1.4182053981781007,0.1434379993826151
EvieKF,full,45,0.09999,27000.0,81.26,82.62,False,,10000,1764.0204405784607,0.17640204405784607,0.013891910306348263,0.0009,851.05029296875,nan,nan,11173962,10000,5000,0.5,881.6391289234161,0.30126100564536107,0.026131975192231267,0.0006070425334316084,2.0818759367102757e-05,1.46651400675638,78.83,0.022279261481191283,0.0106768762336843,0.28616373916736193,0.6605428040027618,102.78535169429838,20349.882873352613,197.98427050069085,725.6151746066276,422940770304.0,4229407703040000.0,nan,nan,0.4774317294270782,0.40309477927137893,16.636881294995572,14.713400230466618,38752.02041938532,0.005532590206712484,1.0,9980,98.77,1.466534825515747,0.15328346534371376
EvieKF,full,46,0.09999,27000.0,82.41,83.16,False,,10000,1766.7329025268555,0.17667329025268555,0.013420200842404844,0.0007,851.05029296875,nan,nan,11173962,9500,3500,0.35,617.4335722923279,0.2952170357812978,0.025594705031189033,0.0004862314693120579,5.423567199613899e-05,1.4135668821105967,79.35157894736842,0.022305300973911986,0.008497338657065952,0.2587805025246707,0.6043499290943146,102.82703401398058,19871.429171904452,193.2510196608675,724.5011388927496,422940770304.0,4229407703040000.0,nan,nan,0.4711064218198947,0.37408623116503037,16.70640155496045,14.80056046327286,34992.17755820127,0.006556278094649315,1.0,9980,98.89,1.4136211177825928,0.14355810549259185
AdamW,full,42,0.01,,82.35,82.78,False,,10000,1102.8682651519775,0.11028682651519775,0.0015459885873162008,0.0009,779.53369140625,nan,nan,11173962,8500,4000,0.4,440.3563959598541,0.1565532649634696,0.020377179465053925,3.5591170184631556e-05,1.0011135373133584e-05,1.4464078306805754,80.04736842105264,0.004472787934352978,0.009099565820584786,0.15802481627677042,0.4872227728366847,102.82429901468879,2208.812413972853,21.4814244798043,1160.6100569260766,422940770304.0,4229407703040000.0,nan,nan,nan,nan,nan,nan,nan,nan,nan,0,98.89,1.4464178418159486,0.14296258484125138
AdamW,full,43,0.01,,81.16,82.34,False,,10000,1100.3747556209564,0.11003747556209564,0.0015323080796934274,0.0102,779.53369140625,nan,nan,11173962,9500,5500,0.55,604.2919363975525,0.1675717624602179,0.014559345880998682,4.408256841040315e-05,1.3506992218026426e-05,1.559518418209198,78.68368421052631,0.004419181438958806,0.008869611822926813,0.1993218331057249,0.6770603090524668,102.8339872880257,2295.5297422616827,22.32267563283507,1163.2400629526244,422940770304.0,4229407703040000.0,nan,nan,nan,nan,nan,nan,nan,nan,nan,0,98.78,1.559531925201416,0.15524193641245365
AdamW,full,44,0.01,,81.55,82.5,False,,10000,1112.1745176315308,0.11121745176315308,0.0014181482027433767,0.0013,779.53369140625,nan,nan,11173962,7000,5500,0.55,610.9390630722046,0.16533760988159388,0.012992990198810436,3.201741662000059e-05,1.6812366538943024e-05,1.5147524688300553,79.36263157894737,0.004254585374780224,-0.0024806469306609493,0.16060846406983548,0.5025918453931808,102.7936942151574,2200.1251770870485,21.40330877185879,1150.8985143139835,422940770304.0,4229407703040000.0,nan,nan,nan,nan,nan,nan,nan,nan,nan,0,98.83,1.5147692811965943,0.15114681334197522
AdamW,full,45,0.01,,81.13,82.2,False,,10000,1111.731194972992,0.11117311949729919,0.0014129706444973764,0.0037,779.53369140625,nan,nan,11173962,9500,5000,0.5,555.6294302940369,0.17091437248492922,0.012545292984927332,0.0003403625258310734,1.5329651887441287e-05,1.6888679001759934,78.47894736842105,0.004382158725059282,0.0017621008848079831,0.1842901205561582,0.5694137901067731,102.78535169429838,2210.028748332007,21.50139793173077,1151.3574556402511,422940770304.0,4229407703040000.0,nan,nan,nan,nan,nan,nan,nan,nan,nan,0,98.75,1.6888832298278809,0.1580756950765848
AdamW,full,46,0.01,,81.79,82.04,False,,10000,1112.643717288971,0.1112643717288971,0.0015079229060623442,0.0019,779.53369140625,nan,nan,11173962,9500,4000,0.4,444.5926432609558,0.17297252254593598,0.010036531789173886,4.986146241787965e-05,2.377983662427141e-05,1.5183918376293486,79.06315789473685,0.0044077203847335145,0.0004139351012119116,0.16773318826547037,0.5122502982616423,102.82703401398058,2262.314451196648,22.001164118854764,1150.413182684214,422940770304.0,4229407703040000.0,nan,nan,nan,nan,nan,nan,nan,nan,nan,0,98.8,1.5184156174659729,0.14948753422498703
AdaBelief,full,42,0.01,,81.47,83.02,False,,10000,1153.8479626178741,0.11538479626178741,0.0015204907541444346,0.0011,779.53369140625,nan,nan,11173962,8000,4500,0.45,518.4125475883484,0.16686261022121898,0.015152910688562268,4.60304370420824e-05,9.741035910337814e-06,1.4954137546859068,79.9,0.004693605434353152,0.014401772276707116,0.16882505260447433,0.5200818240642546,102.82429901468879,2226.745229095734,21.65582698285778,1109.3315943427326,422940770304.0,4229407703040000.0,nan,nan,nan,nan,nan,nan,nan,nan,nan,0,98.79,1.495423495721817,0.1504001112997532
AdaBelief,full,43,0.01,,80.64,81.1,False,,10000,1153.6054785251617,0.11536054785251618,0.0015273297951210825,0.002,779.53369140625,nan,nan,11173962,8500,4500,0.45,518.491340637207,0.20072153043572172,0.015800606850637337,4.604495344573689e-05,7.618542440468445e-06,1.5355148797790927,77.84473684210526,0.004576332785316367,0.005698013491993396,0.17522779213968423,0.5440937310457229,102.8339872880257,2356.114268291518,22.911824489429975,1109.5647722100182,422940770304.0,4229407703040000.0,nan,nan,nan,nan,nan,nan,nan,nan,nan,0,98.81,1.5355224983215332,0.15665510883033276
AdaBelief,full,44,0.01,,81.73,82.34,False,,10000,1153.1216847896576,0.11531216847896576,0.0014236522929947897,0.0009,779.53369140625,nan,nan,11173962,9500,4500,0.45,517.8161807060242,0.17461108023928176,0.015032678516853314,3.6104062290951726e-05,1.8672678379516583e-05,1.4940436713958698,79.19842105263157,0.004537028413360178,-0.0005957840430532281,0.15876382253156007,0.4741118818521497,102.7936942151574,2242.867562276964,21.819116234721747,1110.0302915849566,422940770304.0,4229407703040000.0,nan,nan,nan,nan,nan,nan,nan,nan,nan,0,99.1,1.4940623440742493,0.15053528491258622
AdaBelief,full,45,0.01,,80.74,81.88,False,,10000,1155.1949281692505,0.11551949281692504,0.0014498833417501376,0.0036,779.53369140625,nan,nan,11173962,10000,4000,0.4,460.79796266555786,0.16501362572613038,0.01781114041854408,4.062383825398506e-05,1.8667994481802452e-05,1.674142064656275,78.75157894736842,0.004597550685660402,0.006690667750414635,0.17568658302636686,0.558337816596031,102.78535169429838,2195.835599421131,21.36331260462026,1108.0381057667387,422940770304.0,4229407703040000.0,nan,nan,nan,nan,nan,nan,nan,nan,nan,0,98.76,1.6741607326507568,0.1597357270926237
AdaBelief,full,46,0.01,,81.0,81.74,False,,10000,1155.9218323230743,0.11559218323230744,0.0015644698819888333,0.0024,779.53369140625,nan,nan,11173962,7500,4500,0.45,519.3955173492432,0.18307819391282035,0.016821098010637015,4.972080851981548e-05,2.4914604637160664e-05,1.535137250464943,78.66368421052631,0.004699577019171186,0.0058211860814012676,0.16662870374573813,0.5174125611782072,102.82703401398058,2316.148008231588,22.524699175089303,1107.3413134066027,422940770304.0,4229407703040000.0,nan,nan,nan,nan,nan,nan,nan,nan,nan,0,98.74,1.5351621650695801,0.15459386982023715
Muon,full,42,0.006325,,85.78,86.1,False,,10000,1508.623771429062,0.15086237714290618,0.0007057317124149322,0.0541,736.94482421875,nan,nan,11173962,9500,8000,0.8,1205.710018157959,0.0689294373713739,0.017916505595693168,0.002144140710180087,6.872865581097898e-07,1.405298742893038,84.06105263157895,0.002547799937144738,-0.0030053342614117405,0.3015682444542536,1.0432048320770262,102.82429901468879,1451.0751143704604,14.112180956012834,848.4554096529347,422940770304.0,4229407703040000.0,nan,nan,nan,nan,nan,nan,nan,nan,nan,0,99.07,1.405299430179596,0.12058884955346584
Muon,full,43,0.006325,,86.07,86.96,False,,10000,1508.1553542613983,0.15081553542613982,0.0007070411949827498,0.0609,736.94482421875,nan,nan,11173962,9500,7000,0.7,1054.67383146286,0.07262383561613092,0.01543090955842646,0.0009622522891046043,9.014814847940755e-07,1.3967074157029635,84.73052631578948,0.002554597745132363,-0.0018987792993117138,0.31492077684362035,1.1120451807975764,102.8339872880257,1450.0878528034768,14.101250870900826,848.7189309664091,422940770304.0,4229407703040000.0,nan,nan,nan,nan,nan,nan,nan,nan,nan,0,99.22,1.3967083171844483,0.11834179433882236
Muon,full,44,0.006325,,85.86,86.16,False,,10000,1508.8713796138763,0.15088713796138764,0.0007057759218424741,0.0634,736.94482421875,nan,nan,11173962,8500,7500,0.75,1131.0902593135834,0.0783207402590739,0.01652921952022135,0.0014838617717349652,1.5551847702965915e-06,1.2383597244935745,83.98526315789474,0.0025449253310587646,-0.001620224384246203,0.3186191404395143,1.1292155981063843,102.7936942151574,1449.058653668027,14.096766000402743,848.3161767754883,422940770304.0,4229407703040000.0,nan,nan,nan,nan,nan,nan,nan,nan,nan,0,99.18,1.2383612796783448,0.11687148743569852
Muon,full,45,0.006325,,86.03,86.42,False,,10000,1510.9967858791351,0.1510996785879135,0.0007051558064017618,0.0568,736.94482421875,nan,nan,11173962,10000,7000,0.7,1055.7249209880829,0.0694014039584838,0.013043066479476655,0.0012176402232534377,3.995345316809562e-07,1.3997343248917378,84.09368421052632,0.002546648443914196,-0.0023887321899649814,0.30667913660294155,1.0657698452472684,102.78535169429838,1453.1005530626683,14.137233848111388,847.1229138024039,422940770304.0,4229407703040000.0,nan,nan,nan,nan,nan,nan,nan,nan,nan,0,99.09,1.3997347244262694,0.1174802533864975
Muon,full,46,0.006325,,85.74,86.74,False,,10000,1509.6542556285858,0.15096542556285858,0.000707488886214967,0.0562,736.94482421875,nan,nan,11173962,10000,9000,0.9,1358.0313873291016,0.07093866820051266,0.012514107090394775,0.0009798969899686596,1.5180517465296361e-07,1.4494527301986095,84.23421052631579,0.002553529466930569,-0.004598709485240347,0.30340896702447695,1.0507726311683596,102.82703401398058,1451.9064771799408,14.119890660101472,847.8762572474166,422940770304.0,4229407703040000.0,nan,nan,nan,nan,nan,nan,nan,nan,nan,0,98.94,1.4494528820037842,0.12087407937943935
Shampoo,full,42,0.03162,0.95,81.95,83.52,False,,10000,1151.5557849407196,0.11515557849407196,0.0034422559236465416,0.0005,781.53466796875,nan,nan,11173962,10000,6500,0.65,748.1222577095032,0.17120330585030855,0.019175780693609226,8.351312488937742e-05,1.118384420806251e-05,1.662841656388641,79.81105263157895,0.009109559917682244,-0.001871116354464639,0.14782198067459476,0.5015541106462479,102.82429901468879,4978.020071005293,48.41287632113268,1111.5397245526342,422940770304.0,4229407703040000.0,nan,nan,nan,nan,nan,nan,nan,nan,nan,0,98.82,1.662852840232849,0.151457801887393
Shampoo,full,43,0.03162,0.95,79.33,80.72,False,,10000,1145.3732979297638,0.11453732979297639,0.003630654229625521,0.0008,781.53466796875,nan,nan,11173962,9500,5500,0.55,630.5423364639282,0.2089975239564618,0.020882485865761517,0.0003212198679806797,1.051525873663195e-05,1.84818851313787,76.98210526315789,0.009196376114177441,0.0011109237650207306,0.1652414733176156,0.5367760837078093,102.8339872880257,5103.182238345231,49.6254436196452,1117.5395849663782,422940770304.0,4229407703040000.0,nan,nan,nan,nan,nan,nan,nan,nan,nan,0,98.61,1.8481990283966065,0.17332417332530023
Shampoo,full,44,0.03162,0.95,81.71,82.82,False,,10000,1149.952841758728,0.1149952841758728,0.0036737320592863127,0.0009,781.53466796875,nan,nan,11173962,10000,4500,0.45,518.1224167346954,0.17080991906676155,0.028690840822839233,0.0013139124560452092,1.8681308574741706e-05,1.6399617644340323,79.52631578947368,0.009197520503144173,0.0004908986390181547,0.15128411219018467,0.5006606847047803,102.7936942151574,5247.646205329907,51.05027351528065,1113.0891228916648,422940770304.0,4229407703040000.0,nan,nan,nan,nan,nan,nan,nan,nan,nan,0,98.93,1.639980445742607,0.15216645842790605
Shampoo,full,45,0.03162,0.95,82.12,82.56,False,,10000,1151.4841582775116,0.11514841582775116,0.0033232783464593914,0.0006,781.53466796875,nan,nan,11173962,7500,5000,0.5,575.6274735927582,0.16328719752080065,0.01627463996013035,0.0001027377046635051,1.915354323500651e-05,1.6466873365919579,78.89473684210526,0.009090387729634991,0.005140782666980553,0.15022511125834534,0.4953042253851888,102.78535169429838,4863.703087744921,47.31902948788291,1111.608866521215,422940770304.0,4229407703040000.0,nan,nan,nan,nan,nan,nan,nan,nan,nan,0,98.73,1.6467064901351929,0.14816538389623166
Shampoo,full,46,0.03162,0.95,81.9,82.68,False,,10000,1150.351342201233,0.11503513422012329,0.003583612396473292,0.0007,781.53466796875,nan,nan,11173962,9500,5000,0.5,575.4468829631805,0.1973739988397941,0.019122946351574504,6.914525024695172e-05,1.6159777260327246e-05,1.589527280087852,78.98842105263158,0.009191828865103387,0.00417501790040318,0.15543492234650622,0.5074610471725461,102.82703401398058,5095.130486687209,49.55049550485395,1112.7035306888768,422940770304.0,4229407703040000.0,nan,nan,nan,nan,nan,nan,nan,nan,nan,0,98.94,1.5895434398651123,0.15098537545800209
Sophia,full,42,0.003162,,81.28,82.5,False,,10000,4670.556225061417,0.4670556225061417,0.0012309719904212177,0.0062,2348.88427734375,0.8410411637806414,2.1384008408134156,11173962,10000,5500,0.55,2566.787252187729,0.23331477110310056,0.035748798841653454,0.004959244881694622,3.4670374020606687e-06,1.878295962760724,78.62157894736842,0.002260449575749499,-0.005640950012640037,0.1880727686677023,0.5742838412523268,102.82429901468879,3085.161582307436,30.004207292156796,274.05729388969473,648509181132.8,6485091811328000.0,206.65706021397168,0.030404608119624754,nan,nan,nan,nan,nan,nan,nan,0,98.79,1.8782994297981261,0.16083356760442258
Sophia,full,43,0.003162,,81.52,83.44,False,,10000,4783.798052072525,0.4783798052072525,0.0012198348412209366,0.0106,2348.88427734375,1.0203961469475913,2.169381026665611,11173962,10000,5500,0.55,2641.8887588977814,0.2689582568708063,0.03578937753136856,0.002450104602166008,3.5760702132847655e-06,1.8521655786691666,79.2221052631579,0.00228066823110404,-0.00020463475997526925,0.20093591686150894,0.6444273829460143,102.8339872880257,3046.3270290096216,29.623737339652347,267.5698234053703,648509181132.8,6485091811328000.0,227.77649190500205,0.026018257857685967,nan,nan,nan,nan,nan,nan,nan,0,98.76,1.85216915473938,0.15689270829558372
Sophia,full,44,0.003162,,81.45,82.48,False,,10000,4797.210308074951,0.4797210308074951,0.0012328858942748972,0.0125,2348.88427734375,1.1117449698125907,2.129688355648939,11173962,9000,5500,0.55,2644.5631704330444,0.2779128338510491,0.03983675078181679,0.0034091239057179243,1.0892223826886038e-05,1.8105270428423963,78.42263157894737,0.0022950748624273255,-0.001910679920666417,0.20614506463414492,0.6727312326431274,102.7936942151574,3071.2609352801724,29.877911857625413,266.8217396776263,648509181132.8,6485091811328000.0,234.68475041574564,0.03333341663255851,nan,nan,nan,nan,nan,nan,nan,0,98.72,1.8105379350662232,0.15636100011467935
Sophia,full,45,0.003162,,81.91,82.58,False,,10000,4782.680233240128,0.47826802332401275,0.001249444573763938,0.0088,2348.88427734375,0.9886196344586384,2.256391328828769,11173962,9500,6500,0.65,3116.8723878860474,0.2802892013774187,0.035749208142217194,0.0030369271564233487,8.062888809945434e-06,1.7301969503863366,78.86421052631579,0.0022896382686058156,-0.003399790244474244,0.19352146046519664,0.5862816125154491,102.78535169429838,3098.9961719888875,30.15017335549762,267.63236042917237,648509181132.8,6485091811328000.0,216.56762785057978,1.2939438627799973,nan,nan,nan,nan,nan,nan,nan,0,98.72,1.7302050132751465,0.15138169201910495
Sophia,full,46,0.003162,,82.27,82.74,False,,10000,4787.24693775177,0.478724693775177,0.0012525655535982085,0.0087,2348.88427734375,0.8851390016272797,2.2960720275352102,11173962,10000,5500,0.55,2642.8084280490875,0.23702759715910005,0.03829061335850177,0.003264440923542807,7.130374797270633e-06,1.898522424183003,78.89736842105263,0.0023064752308969995,-0.002312514976785917,0.19429747490528063,0.597109368443489,102.82703401398058,3093.7279326005223,30.08671758615436,267.37705755390283,648509181132.8,6485091811328000.0,213.75872288140326,0.006275478493478204,nan,nan,nan,nan,nan,nan,nan,0,98.77,1.8985295545578003,0.15150480867624283
Lion,full,42,0.003162,,81.48,82.54,False,,10000,1134.6688945293427,0.11346688945293426,0.0019472189435547304,0.0075,736.9052734375,nan,nan,11173962,9000,5500,0.55,625.2253129482269,0.1495514072300506,0.04293731230442538,0.009370993549294873,0.0009364504949189723,1.555631294904556,80.19157894736843,0.0014478081009998893,0.39873541029145537,0.19231614241441858,0.4537313535809511,102.82429901468879,23443.49477609038,227.99566834626708,1128.0823914107034,422940770304.0,4229407703040000.0,nan,nan,nan,nan,nan,nan,nan,nan,nan,0,99.1,1.556567745399475,0.15321691296994686
Lion,full,43,0.003162,,81.28,82.66,False,,10000,1131.4255182743073,0.11314255182743073,0.0019472185391071189,0.0139,736.9052734375,nan,nan,11173962,8500,6500,0.65,736.8592581748962,0.15746407302482307,0.04113327620595092,0.01140778335268374,0.011540290142875165,1.6159273589354939,80.1178947368421,0.0014331983113024431,0.39743256319810044,0.22214075312649073,0.586596345901489,102.8339872880257,23098.266844587106,224.61704980758574,1131.316184164119,422940770304.0,4229407703040000.0,nan,nan,nan,nan,nan,nan,nan,nan,nan,0,98.87,1.627467649078369,0.15450835781097413
Lion,full,44,0.003162,,81.42,81.94,False,,10000,1128.0400369167328,0.11280400369167327,0.0019472142601623503,0.0214,736.9052734375,nan,nan,11173962,9500,7500,0.75,846.4723472595215,0.14977741926625673,0.04254825647974747,0.009450304109749471,8.664161214255728e-05,1.585331869206339,79.57684210526315,0.001416842792198295,0.40817799205877753,0.2321204714196807,0.62377895116806,102.7936942151574,23867.99196204727,232.19315293882903,1134.7114979168814,422940770304.0,4229407703040000.0,nan,nan,nan,nan,nan,nan,nan,nan,nan,0,99.01,1.5854185108184815,0.15180063478648662
Lion,full,45,0.003162,,80.55,82.64,False,,10000,1131.7786831855774,0.11317786831855774,0.0019472335191107596,0.0085,736.9052734375,nan,nan,11173962,8000,6500,0.65,736.5122520923615,0.16478692132918216,0.039177206322236494,0.01219251036892392,5.3302950618672185e-05,1.6543853584339638,80.07736842105263,0.0014350757090531875,0.3835473034846741,0.1983592676270957,0.4611225709319114,102.78535169429838,21931.194638130863,213.36887286583473,1130.9631635729604,422940770304.0,4229407703040000.0,nan,nan,nan,nan,nan,nan,nan,nan,nan,0,98.98,1.6544386613845825,0.16012463772296906
Lion,full,46,0.003162,,80.66,81.8,False,,10000,1134.570788383484,0.1134570788383484,0.0019472275877793835,0.0076,736.9052734375,nan,nan,11173962,8500,7000,0.7,794.2681703567505,0.16963892605765127,0.040342970892533137,0.009399232350790671,0.0006471494361903751,1.663063219864652,79.56157894736842,0.0014352887128544394,0.3921219351933594,0.19966471979034686,0.4770077213644981,102.82703401398058,22582.33163917401,219.61473318489055,1128.1799365059637,422940770304.0,4229407703040000.0,nan,nan,nan,nan,nan,nan,nan,nan,nan,0,98.93,1.6637103693008424,0.1600650762617588
SGD,full,42,0.3,,81.71,83.34,False,,10000,1151.8667960166931,0.11518667960166931,0.00011387419804406844,0.0508,736.9052734375,nan,nan,11173962,7000,5000,0.5,575.067889213562,0.25401745439535534,0.016868755239475206,0.0001261769676401749,7.997563079698011e-05,1.1645460180978406,79.2878947368421,0.0021015941921657365,0.28362701268129553,0.37892607427164915,1.0018713235855103,102.82429901468879,151.25508755095782,1.471005287664062,1111.2396020324645,422940770304.0,4229407703040000.0,nan,nan,nan,nan,nan,nan,nan,nan,nan,0,98.77,1.1646259937286376,0.13988320636749269
SGD,full,43,0.3,,81.27,83.08,False,,10000,1149.714425086975,0.11497144250869751,0.00011841743079345144,0.0522,736.9052734375,nan,nan,11173962,9000,5000,0.5,573.1029055118561,0.2252934281813005,0.003773532041518358,0.00012259000986603445,0.0001090458026737906,1.13310506705133,79.00842105263158,0.002151248261309992,0.31618561584583615,0.3617138555687852,1.0054318845272063,102.8339872880257,149.23642993303415,1.4512364430160698,1113.3199445620323,422940770304.0,4229407703040000.0,nan,nan,nan,nan,nan,nan,nan,nan,nan,0,99.05,1.1332141128540039,0.14148844568878413
SGD,full,44,0.3,,81.79,82.38,False,,10000,1150.7128179073334,0.11507128179073334,0.00011233906566624934,0.0558,736.9052734375,nan,nan,11173962,9500,4500,0.45,515.0535159111023,0.2786002725901974,0.01342196509651224,0.00012189461243019851,0.0001590283281984739,1.167861429225665,78.64842105263158,0.0020873432073816272,0.30096590994608663,0.3807904609472607,1.0135920643806458,102.7936942151574,149.11066663818818,1.4505818452840575,1112.3539949157655,422940770304.0,4229407703040000.0,nan,nan,nan,nan,nan,nan,nan,nan,nan,0,98.72,1.1680204575538635,0.13955159097313882
SGD,full,45,0.3,,82.95,83.84,False,,10000,1150.8352544307709,0.11508352544307708,0.0001126917722678648,0.0453,736.9052734375,nan,nan,11173962,6000,4500,0.45,515.8670506477356,0.22385500551221205,0.007519614148462197,0.00011775372170164103,0.00010752918024081737,1.100098868830013,80.26631578947368,0.002082694310955007,0.2697578262801013,0.3641138934312912,0.9867634713649749,102.78535169429838,150.37823407856558,1.4630317608467864,1112.2356523854642,422940770304.0,4229407703040000.0,nan,nan,nan,nan,nan,nan,nan,nan,nan,0,98.84,1.1002063980102539,0.1302699335426092
SGD,full,46,0.3,,81.38,82.3,False,,10000,1151.6845693588257,0.11516845693588257,0.00011320321854867904,0.057,736.9052734375,nan,nan,11173962,10000,4500,0.45,516.5460338592529,0.26778587830830525,0.01205173547862628,0.00012215074763772933,8.845177944749594e-05,1.19483457401935,78.61157894736841,0.0020965095373309916,0.29265820566758677,0.38082135210295676,1.0180537104606624,102.82703401398058,149.49496070954947,1.4538488068149844,1111.4154292373744,422940770304.0,4229407703040000.0,nan,nan,nan,nan,nan,nan,nan,nan,nan,0,98.77,1.1949230257987975,0.14141873793900012
