label,opt,unit,seed,lr_used,knob_used,primary,best_val_primary,diverged,fail_reason,reused_from_main,steps_run,wall_s,sec_per_step,mean_step_size,clip_freq,peak_mem_mb,steps_to_90pct_best,frac_budget_to_90pct_best,final_train_loss,gen_gap_loss,auc_val_curve,update_weight_ratio,update_cos_sim_sampled,grad_norm_mean,grad_norm_p95,weight_norm_growth,throughput_samples_per_s,flops_per_step_est,hess_trace,hess_top_eig,eviekf_cos_mean,eviekf_cos_min,eviekf_b_simple_mean,eviekf_eff_rank_mean,eviekf_gain_lo_min,eviekf_gain_hi_max,eviekf_n_active_steps,bpc,test_loss,token_acc
small,AdamW,full,42,0.001,,106.61291208768168,112.20534051365564,False,,,10000,774.1338446140289,0.07741338446140289,0.0002701569107042087,0.6087,2076.79052734375,1500,0.15,3.001276969909668,1.6679276610129454,161.98350848360724,0.0034062828847932435,0.8241161207100811,1.0186741234004497,1.2710715293884276,2.9863172826910707,413.36521097271884,139318001664.0,nan,nan,nan,nan,nan,nan,nan,nan,0,6.7362383659278375,4.669204630922613,0.23562732218683652
small,AdamW,full,43,0.001,,104.3879584123818,109.28026272794052,False,,,10000,774.3073210716248,0.07743073210716248,0.00027060989481836296,0.6594,2076.79052734375,1500,0.15,2.9457969665527344,1.7023173613659646,157.7301468076488,0.0034044394625912266,0.8286246606341572,1.054417860302329,1.3088789284229279,2.9973050302010256,413.2726002863138,139318001664.0,nan,nan,nan,nan,nan,nan,nan,nan,0,6.705811490373244,4.648114327918699,0.23959577361995754
small,AdamW,full,44,0.001,,105.41796837384611,109.90914058626198,False,,,10000,775.8511476516724,0.07758511476516723,0.0002703971438120912,0.6405,2076.79052734375,1500,0.15,3.1330533027648926,1.524879796742887,160.53538275095283,0.003412524604988814,0.8282010211960928,1.0375410841137171,1.2948256015777588,2.9797147074778945,412.4502502426765,139318001664.0,nan,nan,nan,nan,nan,nan,nan,nan,0,6.719976983452432,4.65793309950778,0.23816928742038215
small,AdaBelief,full,42,0.001,,106.54863033548614,112.5988904819069,False,,,10000,797.5283215045929,0.0797528321504593,0.00029667627413428716,0.6421,2076.79052734375,1500,0.15,2.969635009765625,1.6989664940317724,166.01333153270704,0.003737450797912953,0.8251959068798461,1.020321895056963,1.1978852927684784,2.9670540181491485,401.23966932772703,139318001664.0,nan,nan,nan,nan,nan,nan,nan,nan,0,6.735368237415263,4.668601503797397,0.23654375663481952
small,AdaBelief,full,43,0.001,,107.59759828462352,111.61479580132797,False,,,10000,798.8709020614624,0.07988709020614625,0.0002972637302247727,0.6228,2076.79052734375,1500,0.15,2.929675579071045,1.7487227476326526,162.53231198977406,0.0037159878614803172,0.8226616531159628,1.0245269416987897,1.250488543510437,3.017660166393017,400.5653468842708,139318001664.0,nan,nan,nan,nan,nan,nan,nan,nan,0,6.749502065238649,4.6783983267036975,0.23772143710191082
small,AdaBelief,full,44,0.001,,108.33303906627735,112.34493910903242,False,,,10000,797.7260258197784,0.07977260258197784,0.00029688364638155246,0.6759,2076.79052734375,1500,0.15,3.1273419857025146,1.557868191644138,162.61511944954353,0.0037241499391182735,0.8298620643899117,1.033828905621171,1.2164419293403625,2.989031625078817,401.1402281518318,139318001664.0,nan,nan,nan,nan,nan,nan,nan,nan,0,6.759329488380517,4.685210177346653,0.2367676817940552
small,EvieKF,full,42,0.001,3000.0,97.43736082656184,102.23655649658816,False,,,10000,1164.2620010375977,0.11642620010375977,0.0003178299623510843,0.8106,2105.16650390625,1500,0.15,2.8593010902404785,1.7199086282410185,177.21106924655982,0.0034067675892363357,0.8161400146223401,1.3197934327811003,1.8529761612415312,4.413372511714181,274.8522237389986,139318001664.0,nan,nan,0.7423014727242916,0.6765689721211265,11.181989834596589,41530.71484159742,0.01475897990167141,0.9999997615814209,9980,6.606403152043802,4.579209718481497,0.24488704219745222
small,EvieKF,full,43,0.001,3000.0,99.17135080465533,103.45612774066747,False,,,10000,1192.7902448177338,0.11927902448177338,0.00032816722985993575,0.8182,2105.16650390625,1500,0.15,2.754665732383728,1.8421834378232367,185.99948192615838,0.0034750733881755333,0.7675954603543537,1.4356988900244236,2.1689210414886473,3.8972957518294904,268.27851870040917,139318001664.0,nan,nan,0.7208048579486739,0.6541159382575479,9.758745026836692,37578.601355688916,0.015446847304701805,0.9999998807907104,9980,6.631851501572135,4.596849170206965,0.2438835257430998
small,EvieKF,full,44,0.001,3000.0,98.34713426741611,102.5476639279198,False,,,10000,1178.9058389663696,0.11789058389663697,0.000326814013674411,0.8415,2105.16650390625,1500,0.15,2.9087600708007812,1.6797433355051998,181.51020186699597,0.003472640059450477,0.7876985699162553,1.5875767311245204,2.345464062690735,4.448580056708415,271.4381330747897,139318001664.0,nan,nan,0.7102763601758991,0.6296938622531258,9.729166857122927,38052.55977172852,0.013675839640200138,0.9999997615814209,9980,6.619811109379755,4.588503406305981,0.24296709129511676
large,AdamW,full,42,0.0003162,,92.34966289951957,96.43072229722632,False,,,10000,5736.518951416016,0.5736518951416015,8.942637394126996e-05,0.805,4558.8125,1500,0.15,0.2600066363811493,4.265575420008597,1691.6672773230287,0.0018305149100385834,0.426364946589637,1.801976936250925,2.805886781215667,1.2815446435732807,55.782958743823286,1171720765440.0,nan,nan,nan,nan,nan,nan,nan,nan,0,6.529034789889565,4.525582056389746,0.24970557988322717
large,AdamW,full,43,0.0003162,,93.53495162234887,96.8129568959341,False,,,10000,5731.982855796814,0.5731982855796814,8.915696963676981e-05,0.817,4558.8125,1500,0.15,0.23424530029296875,4.304089880293342,2127.38074784502,0.001822396998501053,0.42447417599862947,1.7907641018897296,2.8040145516395567,1.27869184008698,55.82710347369247,1171720765440.0,nan,nan,nan,nan,nan,nan,nan,nan,0,6.547433658923788,4.53833518058631,0.24815469081740976
large,AdamW,full,44,0.0003162,,93.31672977281123,97.25957135172929,False,,,10000,5717.306707143784,0.5717306707143783,8.928399548004436e-05,0.8155,4558.8125,1500,0.15,0.24182730913162231,4.294172094252965,1991.8123214919713,0.0018234821090078878,0.42788510518798484,1.8032013930290938,2.7944674849510194,1.2816913116176298,55.97040991349292,1171720765440.0,nan,nan,nan,nan,nan,nan,nan,nan,0,6.5440638447382415,4.535999403384587,0.24867303609341826
large,AdaBelief,full,42,0.0003162,,94.08163583784187,97.84961039393757,False,,,10000,5749.747462511063,0.5749747462511062,9.85199081526244e-05,0.7913,4558.8125,1500,0.15,0.1912720799446106,4.352890791786704,1922.657990735952,0.0019879759412555708,0.4250476786061649,1.7955200111150742,2.8226210713386535,1.2998203382221047,55.654618239571825,1171720765440.0,nan,nan,nan,nan,nan,nan,nan,nan,0,6.555841240038519,4.544162871731315,0.24863156847133758
large,AdaBelief,full,43,0.0003162,,95.62905881832079,98.40248622788205,False,,,10000,5184.969565868378,0.5184969565868378,9.814412312007708e-05,0.8073,4558.8125,1500,0.15,0.17044413089752197,4.390032605507318,2566.959665711112,0.0019790030420457605,0.44312610321727863,1.7813994458675384,2.8299632072448726,1.2959877366261312,61.71685213091631,1171720765440.0,nan,nan,nan,nan,nan,nan,nan,nan,0,6.579377171700747,4.56047673640484,0.2472424031316348
large,AdaBelief,full,44,0.0003162,,95.80095222111451,98.9908208870058,False,,,10000,5181.604245901108,0.5181604245901108,9.806412685918378e-05,0.802,4558.8125,1500,0.15,0.15003162622451782,4.412240998380503,2574.9498127111556,0.0019677973617549145,0.4247769653691594,1.7719951899170876,2.8854392528533936,1.2981980268129567,61.75693565426866,1171720765440.0,nan,nan,nan,nan,nan,nan,nan,nan,0,6.58196809070114,4.562272624605021,0.24727557722929935
large,EvieKF,full,42,0.001,3000.0,109.89785032004832,113.9688791127386,False,,,10000,6436.682142972946,0.6436682142972946,0.000297657944319274,0.5813,2723.7255859375,2000,0.2,0.31943564116954803,4.380115659721591,859.5786444870373,0.004335638363895708,0.32139067262139137,1.156884418323636,1.8342111349105834,2.2889381208830692,49.71505395048136,1171720765440.0,nan,nan,0.850846280391953,0.8057077780565617,11.43695121763545,59293.245669826705,0.018665801733732224,1.0,9980,6.780019356198923,4.699551300891139,0.23326366772823778
large,EvieKF,full,43,0.001,3000.0,105.42151339197213,109.14991977168897,False,,,10000,6435.906280517578,0.6435906280517578,0.0002977041615017911,0.5759,2723.7255859375,1500,0.15,0.14012179523706436,4.517844931920496,1443.5284415640497,0.004289030781591407,0.31364408108399017,1.1316743555456399,1.813173031806946,2.275893519094161,49.72104720801892,1171720765440.0,nan,nan,0.8553455891945261,0.8056657812425444,10.408146931391695,70658.46470017685,0.018321210518479347,1.0,9980,6.720025497896008,4.65796672715756,0.23963309447983014
large,EvieKF,full,44,0.001,3000.0,109.78121049365292,115.43825337528429,False,,,10000,6431.407420873642,0.6431407420873642,0.0002993882773541835,0.6488,2723.7255859375,1500,0.15,0.22692330926656723,4.4715660803352195,1375.306087626077,0.00432733460029972,0.3030636168750638,1.2211382888644933,1.8814551830291746,2.2933559572484254,49.755827777511755,1171720765440.0,nan,nan,0.8570957054465651,0.8224859770639215,11.34287139717473,72830.84725627398,0.016048377379775047,1.0,9980,6.778487342047911,4.698489389601787,0.2375970342356688
