Task,Optimizer,frozen lr,frozen knob,grid pts,search runs,search steps,lr extends,knob extends
vis/cifar10,EvieKF,0.09999,27000,99,99,"247,500",2,3
vis/cifar10,AdamW,0.01,--,7,7,"17,500",0,0
vis/cifar10,AdaBelief,0.01,--,7,7,"17,500",0,0
vis/cifar10,SGD,0.3,--,7,7,"17,500",0,0
vis/cifar10,Sophia,0.003162,--,7,7,"17,500",0,0
vis/cifar10,Muon,0.006325,--,7,7,"17,500",0,0
vis/cifar10,Lion,0.003162,--,9,9,"22,500",1,0
vis/cifar10,Shampoo,0.03162,0.95,36,36,"90,000",1,0
vis/cifar100,EvieKF,0.01,1000,49,49,"122,500",0,0
vis/cifar100,AdamW,0.003162,--,7,7,"17,500",0,0
vis/cifar100,AdaBelief,0.003162,--,7,7,"17,500",0,0
vis/cifar100,SGD,0.3,--,7,7,"17,500",0,0
vis/cifar100,Sophia,0.001,--,7,7,"17,500",0,0
vis/cifar100,Muon,0.02,--,7,7,"17,500",0,0
vis/cifar100,Lion,0.001,--,7,7,"17,500",0,0
vis/cifar100,Shampoo,0.003162,0.85,42,42,"105,000",0,1
vis/stl10,EvieKF,0.03162,3,81,81,"202,500",2,1
vis/stl10,AdamW,0.01,--,7,7,"17,500",0,0
vis/stl10,AdaBelief,0.003162,--,7,7,"17,500",0,0
vis/stl10,SGD,0.3,--,7,7,"17,500",0,0
vis/stl10,Sophia,0.003162,--,7,7,"17,500",0,0
vis/stl10,Muon,0.02,--,7,7,"17,500",0,0
vis/stl10,Lion,0.003162,--,9,9,"22,500",1,0
vis/stl10,Shampoo,0.003162,0.9,42,42,"105,000",0,2
vis/svhn,EvieKF,0.01,10,49,49,"122,500",0,0
vis/svhn,AdamW,0.003162,--,7,7,"17,500",0,0
vis/svhn,AdaBelief,0.003162,--,7,7,"17,500",0,0
vis/svhn,SGD,0.09487,--,7,7,"17,500",0,0
vis/svhn,Sophia,0.003162,--,7,7,"17,500",0,0
vis/svhn,Muon,0.006325,--,7,7,"17,500",0,0
vis/svhn,Lion,0.003162,--,9,9,"22,500",1,0
vis/svhn,Shampoo,0.003162,0.7,70,70,"175,000",0,3
lang/enwik8,EvieKF,0.0003162,27000,69,69,"172,500",0,3
lang/enwik8,AdamW,0.0003162,--,7,7,"17,500",0,0
lang/enwik8,AdaBelief,0.0003162,--,7,7,"17,500",0,0
lang/enwik8,SGD,0.09487,--,7,7,"17,500",0,0
lang/enwik8,Sophia,0.001,--,7,7,"17,500",0,0
lang/enwik8,Muon,0.006325,--,7,7,"17,500",0,0
lang/enwik8,Lion,0.0001,--,7,7,"17,500",0,0
lang/enwik8,Shampoo,0.003162,0.75,56,56,"140,000",0,2
lang/ptb,EvieKF,0.001,10,49,49,"122,500",0,0
lang/ptb,AdamW,0.0003162,--,7,7,"17,500",0,0
lang/ptb,AdaBelief,0.0003162,--,7,7,"17,500",0,0
lang/ptb,SGD,0.09487,--,7,7,"17,500",0,0
lang/ptb,Sophia,0.0003162,--,7,7,"17,500",0,0
lang/ptb,Muon,0.006325,--,7,7,"17,500",0,0
lang/ptb,Lion,0.0001,--,7,7,"17,500",0,0
lang/ptb,Shampoo,0.001,0.99,28,28,"70,000",0,0
lang/wikitext103,EvieKF,0.001,243000,77,77,"192,500",0,3
lang/wikitext103,AdamW,0.001,--,7,7,"17,500",0,0
lang/wikitext103,AdaBelief,0.001,--,7,7,"17,500",0,0
lang/wikitext103,SGD,0.09487,--,7,7,"17,500",0,0
lang/wikitext103,Sophia,0.001,--,7,7,"17,500",0,0
lang/wikitext103,Muon,0.002,--,7,7,"17,500",0,0
lang/wikitext103,Lion,0.0001,--,7,7,"17,500",0,0
lang/wikitext103,Shampoo,0.003162,0.8,43,43,"107,500",0,3
lang/wikitext2,EvieKF,0.001,300,49,49,"122,500",0,0
lang/wikitext2,AdamW,0.001,--,7,7,"17,500",0,0
lang/wikitext2,AdaBelief,0.0003162,--,7,7,"17,500",0,0
lang/wikitext2,SGD,0.09487,--,7,7,"17,500",0,0
lang/wikitext2,Sophia,0.001,--,7,7,"17,500",0,0
lang/wikitext2,Muon,0.006325,--,7,7,"17,500",0,0
lang/wikitext2,Lion,0.0001,--,7,7,"17,500",0,0
lang/wikitext2,Shampoo,0.003162,0.95,28,28,"70,000",0,0
fin/consumer_industrials,EvieKF,0.03162,300,63,504,"1,260,000",1,0
fin/consumer_industrials,AdamW,0.03162,--,9,72,"180,000",1,0
fin/consumer_industrials,AdaBelief,0.03162,--,9,72,"180,000",1,0
fin/consumer_industrials,SGD,0.9487,--,9,72,"180,000",1,0
fin/consumer_industrials,Sophia,0.01,--,7,56,"140,000",0,0
fin/consumer_industrials,Muon,0.006325,--,7,56,"140,000",0,0
fin/consumer_industrials,Lion,0.0003162,--,7,56,"140,000",0,0
fin/consumer_industrials,Shampoo,0.09999,0.95,36,288,"720,000",1,0
fin/finance,EvieKF,0.01,9000,63,504,"1,260,000",0,1
fin/finance,AdamW,0.01,--,7,56,"140,000",0,0
fin/finance,AdaBelief,0.003162,--,7,56,"140,000",0,0
fin/finance,SGD,0.9487,--,9,72,"180,000",1,0
fin/finance,Sophia,0.001,--,7,56,"140,000",0,0
fin/finance,Muon,0.0002,--,9,72,"180,000",1,0
fin/finance,Lion,0.003162,--,9,72,"180,000",1,0
fin/finance,Shampoo,0.003162,0.99,28,224,"560,000",0,0
fin/healthcare,EvieKF,0.03162,1000,63,504,"1,260,000",1,0
fin/healthcare,AdamW,0.003162,--,7,56,"140,000",0,0
fin/healthcare,AdaBelief,0.003162,--,7,56,"140,000",0,0
fin/healthcare,SGD,0.9487,--,9,72,"180,000",1,0
fin/healthcare,Sophia,0.3162,--,11,88,"220,000",2,0
fin/healthcare,Muon,0.002,--,7,56,"140,000",0,0
fin/healthcare,Lion,0.001,--,7,56,"140,000",0,0
fin/healthcare,Shampoo,0.03162,0.99999,90,720,"1,800,000",1,3
fin/tech,EvieKF,0.09999,10,63,504,"1,260,000",1,0
fin/tech,AdamW,0.01,--,7,56,"140,000",0,0
fin/tech,AdaBelief,0.01,--,7,56,"140,000",0,0
fin/tech,SGD,0.9487,--,9,72,"180,000",1,0
fin/tech,Sophia,0.003162,--,7,56,"140,000",0,0
fin/tech,Muon,0.6325,--,9,72,"180,000",1,0
fin/tech,Lion,0.003162,--,9,72,"180,000",1,0
fin/tech,Shampoo,0.3162,0.95,44,352,"880,000",2,0
