Task,Optimizer,all seeds,excl. 42,change,rank (all),rank (excl. 42)
vis/cifar10,EvieKF,81.94,81.80,-0.17%,2,3
vis/cifar10,AdamW,81.55,81.35,-0.24%,5,6
vis/cifar10,AdaBelief,81.00,80.87,-0.16%,8,8
vis/cifar10,SGD,81.71,81.59,-0.15%,4,5
vis/cifar10,Sophia,81.52,81.72,+0.24%,6,4
vis/cifar10,Muon,85.86,85.94,+0.10%,1,1
vis/cifar10,Lion,81.28,80.97,-0.38%,7,7
vis/cifar10,Shampoo,81.90,81.81,-0.12%,3,2
vis/cifar100,EvieKF,52.28,52.06,-0.41%,3,3
vis/cifar100,AdamW,49.51,49.58,+0.14%,6,6
vis/cifar100,AdaBelief,49.45,49.45,+0.00%,7,7
vis/cifar100,SGD,54.27,54.25,-0.04%,1,1
vis/cifar100,Sophia,47.39,47.47,+0.17%,8,8
vis/cifar100,Muon,54.24,53.98,-0.47%,2,2
vis/cifar100,Lion,49.59,49.66,+0.15%,5,5
vis/cifar100,Shampoo,50.80,50.72,-0.17%,4,4
vis/stl10,EvieKF,48.59,48.41,-0.37%,6,6
vis/stl10,AdamW,51.29,50.91,-0.73%,1,3
vis/stl10,AdaBelief,50.84,51.20,+0.71%,3,2
vis/stl10,SGD,47.75,47.66,-0.20%,7,7
vis/stl10,Sophia,47.48,47.47,-0.01%,8,8
vis/stl10,Muon,48.85,48.85,+0.00%,5,5
vis/stl10,Lion,49.96,50.09,+0.26%,4,4
vis/stl10,Shampoo,51.25,51.22,-0.05%,2,1
vis/svhn,EvieKF,94.63,94.63,-0.00%,7,6
vis/svhn,AdamW,94.66,94.63,-0.04%,6,7
vis/svhn,AdaBelief,94.75,94.73,-0.03%,4,4
vis/svhn,SGD,94.73,94.71,-0.03%,5,5
vis/svhn,Sophia,94.89,94.95,+0.06%,2,2
vis/svhn,Muon,95.52,95.42,-0.10%,1,1
vis/svhn,Lion,94.55,94.62,+0.07%,8,8
vis/svhn,Shampoo,94.83,94.81,-0.03%,3,3
lang/enwik8,EvieKF,3.04,3.04,+0.03%,3,3
lang/enwik8,AdamW,3.18,3.18,+0.09%,6,6
lang/enwik8,AdaBelief,3.15,3.16,+0.21%,5,5
lang/enwik8,SGD,3.60,3.59,-0.19%,8,8
lang/enwik8,Sophia,3.34,3.32,-0.62%,7,7
lang/enwik8,Muon,2.97,2.98,+0.24%,1,1
lang/enwik8,Lion,3.11,3.11,+0.01%,4,4
lang/enwik8,Shampoo,2.97,2.98,+0.21%,2,2
lang/ptb,EvieKF,192.17,191.49,-0.36%,6,6
lang/ptb,AdamW,179.35,181.54,+1.22%,2,3
lang/ptb,AdaBelief,179.77,181.12,+0.75%,3,2
lang/ptb,SGD,180.35,181.57,+0.68%,4,4
lang/ptb,Sophia,201.49,201.66,+0.09%,7,7
lang/ptb,Muon,187.01,189.38,+1.27%,5,5
lang/ptb,Lion,201.94,204.74,+1.39%,8,8
lang/ptb,Shampoo,172.94,173.01,+0.04%,1,1
lang/wikitext103,EvieKF,35.41,35.35,-0.15%,2,2
lang/wikitext103,AdamW,39.99,39.90,-0.22%,5,5
lang/wikitext103,AdaBelief,41.17,40.41,-1.83%,6,6
lang/wikitext103,SGD,59.75,58.23,-2.53%,8,8
lang/wikitext103,Sophia,39.51,39.73,+0.56%,4,4
lang/wikitext103,Muon,33.49,33.48,-0.03%,1,1
lang/wikitext103,Lion,47.31,45.47,-3.88%,7,7
lang/wikitext103,Shampoo,36.25,36.20,-0.13%,3,3
lang/wikitext2,EvieKF,100.46,101.02,+0.56%,3,3
lang/wikitext2,AdamW,105.70,105.78,+0.08%,5,5
lang/wikitext2,AdaBelief,97.15,97.50,+0.36%,2,2
lang/wikitext2,SGD,103.80,103.59,-0.20%,4,4
lang/wikitext2,Sophia,123.75,124.16,+0.33%,7,8
lang/wikitext2,Muon,83.62,83.40,-0.27%,1,1
lang/wikitext2,Lion,106.65,106.39,-0.24%,6,6
lang/wikitext2,Shampoo,123.91,123.48,-0.35%,8,7
fin/consumer_industrials,EvieKF,1.9687,1.9398,-1.47%,3,3
fin/consumer_industrials,AdamW,2.0169,2.0176,+0.04%,4,4
fin/consumer_industrials,AdaBelief,2.1041,2.1613,+2.72%,7,8
fin/consumer_industrials,SGD,1.8491,1.8628,+0.74%,1,1
fin/consumer_industrials,Sophia,2.0623,2.0687,+0.31%,6,6
fin/consumer_industrials,Muon,1.9124,1.8968,-0.82%,2,2
fin/consumer_industrials,Lion,2.1161,2.1237,+0.36%,8,7
fin/consumer_industrials,Shampoo,2.0574,2.0655,+0.39%,5,5
fin/finance,EvieKF,2.2669,2.2564,-0.46%,5,3
fin/finance,AdamW,2.2643,2.2596,-0.21%,4,4
fin/finance,AdaBelief,2.2583,2.2770,+0.83%,3,5
fin/finance,SGD,2.2278,2.2315,+0.17%,2,2
fin/finance,Sophia,2.6356,2.5295,-4.03%,6,6
fin/finance,Muon,3.7243,4.6882,+25.88%,8,8
fin/finance,Lion,2.2269,2.2265,-0.02%,1,1
fin/finance,Shampoo,3.3812,3.3938,+0.37%,7,7
fin/healthcare,EvieKF,2.9150,2.9157,+0.03%,2,2
fin/healthcare,AdamW,3.0969,3.0827,-0.46%,3,5
fin/healthcare,AdaBelief,3.1291,3.1122,-0.54%,6,6
fin/healthcare,SGD,2.9077,2.9057,-0.07%,1,1
fin/healthcare,Sophia,3.1868,3.1870,+0.01%,7,7
fin/healthcare,Muon,3.2588,3.2697,+0.33%,8,8
fin/healthcare,Lion,3.1281,3.0177,-3.53%,5,3
fin/healthcare,Shampoo,3.1132,3.0642,-1.57%,4,4
fin/tech,EvieKF,4.1497,4.1526,+0.07%,2,3
fin/tech,AdamW,4.3336,4.3328,-0.02%,6,6
fin/tech,AdaBelief,4.3745,4.3673,-0.17%,7,7
fin/tech,SGD,4.1537,4.1936,+0.96%,4,5
fin/tech,Sophia,4.5594,4.5633,+0.09%,8,8
fin/tech,Muon,4.1475,4.1477,+0.00%,1,1
fin/tech,Lion,4.1502,4.1484,-0.04%,3,2
fin/tech,Shampoo,4.2170,4.1896,-0.65%,5,4
