opt,unit,seed,lr_used,knob_used,primary,best_val_primary,diverged,fail_reason,steps_run,wall_s,sec_per_step,mean_step_size,clip_freq,peak_mem_mb,hess_norm,hess_cv,n_params,steps_to_best_val,steps_to_90pct_best,frac_budget_to_90pct_best,wallclock_to_90pct_best_s,train_loss_at_25pct,train_loss_at_50pct,train_loss_at_75pct,final_train_loss,gen_gap_loss,auc_val_curve,update_weight_ratio,update_cos_sim_sampled,grad_norm_mean,grad_norm_p95,weight_norm_start,weight_norm_end,weight_norm_growth,throughput_samples_per_s,flops_per_step_est,total_flops_est,hess_trace,hess_top_eig,eviekf_cos_mean,eviekf_cos_min,eviekf_b_simple_mean,eviekf_tr_sigma_mean,eviekf_eff_rank_mean,eviekf_gain_lo_min,eviekf_gain_hi_max,eviekf_n_active_steps,bpc,test_loss,token_acc
EvieKF,full,42,0.001,300.0,99.66651587713046,102.66688374199167,False,,10000,3669.7969965934753,0.3669796996593475,0.00028561624500191934,0.5875,2377.27001953125,nan,nan,8900608,2000,1500,0.15,546.2531433105469,3.7352467187693414,2.7598196745783024,1.9792985183673584,1.3668062090873718,3.23502356269557,348.311911173377,0.0038627683250942097,0.5463925723044827,1.1951823631316423,1.9546620726585389,82.95761444020445,203.23939572099863,2.449918516732335,87.19828380072333,471909531648.0,4719095316480000.0,nan,nan,0.9093624479467282,0.8759282234205,10.93280456858694,1762.9099761967082,42429.816413402565,0.05208457261323929,1.0,9980,6.63903699076644,4.601829771782942,0.2457703025477707
EvieKF,full,43,0.001,300.0,98.33014102081073,101.87661349423087,False,,10000,3666.1088678836823,0.36661088678836823,0.00028741746795088284,0.5892,2377.27001953125,nan,nan,8900608,2000,1500,0.15,546.4068946838379,3.6843232474582637,2.734401170718508,1.9584797324179044,1.321042239665985,3.2672883632836065,362.26777991679467,0.0038919514649727095,0.5282431134372246,1.1932248549431563,1.8689799547195434,82.94476298056496,205.21130876743752,2.47407191718085,87.28600582576941,471909531648.0,4719095316480000.0,nan,nan,0.9051660356485248,0.8626346959066874,10.147550212360713,1733.6141381295631,42065.51490160869,0.05968587473034859,1.0,9980,6.619561806834444,4.588330602949592,0.24678625928874734
EvieKF,full,44,0.001,300.0,102.5627687890703,106.40341562347321,False,,10000,3670.7304751873016,0.36707304751873016,0.00028606224957316846,0.5618,2377.27001953125,nan,nan,8900608,2000,1500,0.15,548.2675287723541,3.8179110394442244,2.868572731183607,2.118206361324008,1.6011817455291748,3.029293244052085,297.421563217634,0.0038992061407135056,0.5397036965966402,1.1662953520864248,1.875469583272934,82.96334508615182,199.65721812197089,2.4065714553172897,87.1761089960362,471909531648.0,4719095316480000.0,nan,nan,0.9019820152171025,0.8624478771569108,10.298154406827184,1673.1105546397273,38097.20527518346,0.04481892287731171,1.0,9980,6.6803633044292585,4.63047498958126,0.24171476910828024
EvieKF,full,45,0.001,300.0,100.45674286767259,103.60082739460431,False,,10000,3633.6126656532288,0.36336126656532286,0.0002870820602187996,0.5885,2377.27001953125,nan,nan,8900608,2000,1500,0.15,542.9002485275269,3.7201488262353406,2.7673433911128,1.986807945753223,1.3880807161331177,3.2216464994819303,340.75600937951475,0.003897914904594655,0.5367408012010835,1.2161067988604308,1.977359300851822,82.94472082997213,203.97311175340562,2.459145195889306,88.06662389329611,471909531648.0,4719095316480000.0,nan,nan,0.9054253319695533,0.8513266919398873,10.620216624487558,1738.8444007958285,42441.41938873438,0.045561857521533966,1.0,9980,6.65043059381872,4.609727215615048,0.24425258757961785
EvieKF,full,46,0.001,300.0,101.58756880933568,105.07739019153439,False,,10000,3665.0075767040253,0.3665007576704025,0.0002883138889405495,0.6007,2377.27001953125,nan,nan,8900608,2000,1500,0.15,541.6834235191345,3.7153925599443807,2.7139547087478966,1.9065940350413753,1.287854254245758,3.333066919173911,422.31418226408266,0.003914925829410889,0.5321687580285958,1.2121329293221235,1.9371166348457336,82.96432284452919,202.93998464884677,2.4461115054135463,87.31223423220831,471909531648.0,4719095316480000.0,nan,nan,0.9052009360204215,0.8652001186837414,10.534483747813749,1835.8166948544094,43989.98227935204,0.04997512325644493,1.0,9980,6.666580061231366,4.620921173419669,0.2433776207537155
EvieKF,full,47,0.001,300.0,99.63283170547606,103.77040838816752,False,,10000,3676.52530837059,0.367652530837059,0.0002859277084106551,0.5939,2377.27001953125,nan,nan,8900608,2000,1500,0.15,546.8704104423523,3.6939275350046255,2.717524179323814,1.9408528309800084,1.325950801372528,3.2755409444972967,363.50497497557916,0.003868317355294119,0.5441897552807213,1.2066370923131704,1.9041579186916349,82.92635895584752,203.60206048238504,2.455215242125714,87.03870452664495,471909531648.0,4719095316480000.0,nan,nan,0.9129458465186501,0.876321100548758,10.509928026200418,1769.8849630339769,43054.05716841771,0.061280734837055206,1.0,9980,6.638549322457894,4.601491745869825,0.24308734739915075
EvieKF,full,48,0.001,300.0,99.42036995995724,103.83389756685395,False,,10000,3685.3535766601562,0.36853535766601564,0.0002870931671086214,0.5983,2377.27001953125,nan,nan,8900608,2000,1500,0.15,547.0340111255646,3.671580357421067,2.7020589026533153,1.924144635681864,1.4040865898132324,3.195270432028801,365.13435946616255,0.003872806819295793,0.5384461393466151,1.2177888610690832,1.9650210201740264,82.94867448765184,204.88174249297705,2.469982115548776,86.8302032202835,471909531648.0,4719095316480000.0,nan,nan,0.9107508924795031,0.8732167426649331,10.84160482664775,1881.2713507783599,42723.35503060268,0.05076730251312256,1.0,3400,6.635469566689333,4.599357021842033,0.24631767515923567
EvieKF,full,49,0.001,300.0,98.65776300554984,102.40226543719963,False,,10000,3697.8357298374176,0.36978357298374176,0.00028694420893388926,0.6021,2377.27001953125,nan,nan,8900608,2000,1500,0.15,548.7574098110199,3.693857792284575,2.744692147992358,1.9782220880426253,1.3953790664672852,3.1962778553081925,338.855955672848,0.00386308609314103,0.5565614848273669,1.2126509803295136,1.9169000089168549,82.94806279040978,206.35574176371307,2.4877704773543106,86.53710531756623,471909531648.0,4719095316480000.0,nan,nan,0.905062135426857,0.8687201429074372,10.657259589459553,1750.1138246078976,40347.418177956795,0.050447605550289154,1.0,9980,6.624360670508965,4.591656921775478,0.2463923168789809
EvieKF,full,50,0.001,300.0,99.0791843320803,102.69725546407682,False,,10000,3704.4840939044952,0.37044840939044954,0.0002859521910582668,0.6048,2377.27001953125,nan,nan,8900608,2000,1500,0.15,549.6235816478729,3.7093714475860895,2.76347032425276,1.9689932686205542,1.358677625656128,3.237241746513707,346.22162322547047,0.00387838268000575,0.5352758316114954,1.2385948820143937,2.0247676253318785,82.94603222537154,202.54990161600867,2.4419480496145143,86.38179889246675,471909531648.0,4719095316480000.0,nan,nan,0.9060145473253789,0.87652677444423,11.011697919097166,1813.3148693299386,42797.11791320947,0.04665999487042427,1.0,9980,6.630510086554939,4.595919372169835,0.247010184447983
EvieKF,full,51,0.001,300.0,101.68717307296227,104.9971244046355,False,,10000,3710.3354907035828,0.3710335490703583,0.00028600969638304616,0.5554,2377.27001953125,nan,nan,8900608,2000,1500,0.15,551.5482759475708,3.7647272562892096,2.8239928032856483,2.0297824760742555,1.4765822291374207,3.1453189408197018,334.43510044393196,0.003894850425688196,0.5321025943024473,1.145802440969646,1.8331755101680756,82.9539508041978,201.2939511732953,2.4265746142510314,86.24557019217664,471909531648.0,4719095316480000.0,nan,nan,0.9097425308886443,0.8638392456976591,10.569702552908344,1757.2363677438582,39741.54888376822,0.05473526194691658,1.0,9980,6.667993897376038,4.621901169957122,0.24172306263269638
EvieKFu,full,42,0.001,30.0,99.94829356593642,104.01786545116079,False,,10000,3713.261061191559,0.3713261061191559,0.00028045738630557153,0.5333,2377.27001953125,nan,nan,8900608,2000,1500,0.15,551.3401036262512,3.7511205867827666,2.8028826158563596,2.0390584071331266,1.4230162501335144,3.181636737790077,329.013113136867,0.0038960490957658522,0.6007372243685719,1.0847052213013173,1.700963532924652,82.95761444020445,191.45162621136583,2.3078246343421975,86.17761981359702,471909531648.0,4719095316480000.0,nan,nan,0.9283532746957887,0.8771385623988662,14.83082985635657,2255.159348774515,27960.30346291615,0.05408637970685959,1.0,9980,6.643110030691914,4.604652987923592,0.24495339039278133
EvieKFu,full,43,0.001,30.0,98.78584805649147,102.43077770869836,False,,10000,3705.338496208191,0.3705338496208191,0.00028464604448615933,0.5653,2377.27001953125,nan,nan,8900608,2000,1500,0.15,551.7294731140137,3.7214287716583803,2.762120633246068,1.9826116008460988,1.3635082840919495,3.2294460721076677,363.66686008960585,0.003953007163144022,0.582092456669542,1.1272730522155763,1.7744989216327667,82.94476298056496,193.76528994492475,2.336076238958287,86.36188038622322,471909531648.0,4719095316480000.0,nan,nan,0.9138738448043415,0.8585128022310778,14.390303935860763,2292.090588111151,28089.494053319784,0.04133501276373863,1.0,9980,6.6262324727185495,4.592954356199617,0.24482898752653928
EvieKFu,full,44,0.001,30.0,98.95205571461703,103.3324924760434,False,,10000,3707.921488046646,0.3707921488046646,0.00028204980185451875,0.5418,2377.27001953125,nan,nan,8900608,2000,1500,0.15,550.6048090457916,3.769347194382573,2.7897827756840345,2.0293011191506345,1.5094794034957886,3.0851560436236634,327.85380273290025,0.003939361184447251,0.5831574476765342,1.1004274234443903,1.7608271598815914,82.96334508615182,189.9834885617359,2.2899690021472843,86.30171944891363,471909531648.0,4719095316480000.0,nan,nan,0.9147191324689421,0.8624365528389455,14.541837992139065,2332.1502455284817,26780.312877075485,0.04646844416856766,1.0,9980,6.628657774251878,4.594635447119452,0.24706823911889597
EvieKFu,full,45,0.001,30.0,98.74251238168152,101.99743939027141,False,,10000,3700.9948563575745,0.37009948563575745,0.0002827183931461513,0.5523,2377.27001953125,nan,nan,8900608,2000,1500,0.15,551.4158878326416,3.708997532819678,2.760931886011717,1.998066042319568,1.43129301071167,3.161222566211806,330.83828427386453,0.003937591536576051,0.6001094057222207,1.125524468767643,1.8059365808963774,82.94472082997213,192.3682052746342,2.319233862622416,86.46323824263185,471909531648.0,4719095316480000.0,nan,nan,0.9234366181280421,0.889507249489681,15.119711052713166,2269.700026153028,28820.70405674714,0.05074614658951759,1.0,9980,6.6255994480328155,4.592515576923476,0.2475036491507431
EvieKFu,full,46,0.001,30.0,101.401330760757,104.40970629994212,False,,10000,3688.5451407432556,0.36885451407432557,0.0002829855697398094,0.5616,2377.27001953125,nan,nan,8900608,2000,1500,0.15,549.4233930110931,3.74879141353225,2.7690359274190004,1.999361663259563,1.4029406309127808,3.216145584031528,347.7067833071181,0.0039632070912630196,0.581338319498751,1.144446807450056,1.8225170195102691,82.96432284452919,189.96456039911752,2.289713865984312,86.75507220050419,471909531648.0,4719095316480000.0,nan,nan,0.9232885686885227,0.8874890748758985,14.92900134388787,2365.751415876206,29843.586571139556,0.06092716380953789,1.0,9980,6.663932775738727,4.619086214944309,0.24531415870488324
EvieKFu,full,47,0.001,30.0,100.87291819869033,104.86083542321266,False,,10000,3687.517277240753,0.36875172772407533,0.00028385594301176206,0.5786,2377.27001953125,nan,nan,8900608,2000,1500,0.15,547.7524909973145,3.7089864657959173,2.733586949250902,1.9522695790790021,1.336582601070404,3.2772788878712182,371.49760235276824,0.003946126103711181,0.5888049653255231,1.161890737503767,1.8132687509059906,82.92635895584752,191.84130173934696,2.3133935235416403,86.77925442547225,471909531648.0,4719095316480000.0,nan,nan,0.9150027968202649,0.8680911466505268,15.02635483926698,2373.115317904437,29099.537422708363,0.050423990935087204,1.0,9980,6.656395089444648,4.613861488941622,0.2434564092356688
EvieKFu,full,48,0.001,30.0,100.05110865489999,103.59630155885823,False,,10000,3722.2182347774506,0.3722218234777451,0.0002819591786441696,0.5452,2377.27001953125,nan,nan,8900608,2000,1500,0.15,548.4834632873535,3.7379177377967983,2.773961488283011,2.01143266000391,1.4981658458709717,3.1075152961058725,342.5233332980498,0.003925471792788259,0.5881946967909417,1.1110254794999956,1.7375555396080016,82.94867448765184,190.73702292315676,2.299458359054922,85.97024134968073,471909531648.0,4719095316480000.0,nan,nan,0.9231767618788826,0.8798099583997168,15.13035782113648,2442.684551620949,28694.2697028967,0.055799707770347595,1.0,8926,6.644593343445811,4.605681141976844,0.24505291268577495
EvieKFu,full,49,0.001,30.0,99.89099284391645,103.37052542564264,False,,10000,3723.0302562713623,0.37230302562713624,0.00028115362411703406,0.5633,2377.27001953125,nan,nan,8900608,2000,1500,0.15,559.1434624195099,3.7291831042920993,2.7850575944612346,2.029824395088822,1.4841572642326355,3.119922255634502,329.3340088930714,0.0038952762421418604,0.5939509668572124,1.135260318033397,1.780329531431198,82.94806279040978,192.99653471905546,2.3267153954723723,85.95149057974135,471909531648.0,4719095316480000.0,nan,nan,0.9203160608389226,0.8732275444404011,15.188671213858271,2303.9299709894694,27225.00201040415,0.04663223400712013,1.0,9980,6.642282691170759,4.604079519867137,0.24426088110403396
EvieKFu,full,50,0.001,30.0,99.00065656464704,102.8249839663833,False,,10000,3698.0123908519745,0.36980123908519746,0.0002815989070313309,0.5632,2377.27001953125,nan,nan,8900608,2000,1500,0.15,552.6300117969513,3.7345148223743068,2.7735318078110094,2.0034916995315286,1.3844849467277527,3.2106415353509776,332.9272701592108,0.00393252714810486,0.5889046407380958,1.1415422230884433,1.814212667942047,82.94603222537154,189.93632337659486,2.2898783495818273,86.5329712771125,471909531648.0,4719095316480000.0,nan,nan,0.9180910820041506,0.866599168903663,15.238303674807398,2334.3475956671405,28048.86973169767,0.050121475011110306,1.0,9980,6.629366187952533,4.59512648207873,0.2474124203821656
EvieKFu,full,51,0.001,30.0,100.01434756780033,103.98377099976915,False,,10000,3718.2410752773285,0.37182410752773287,0.00028141864792595466,0.5273,2377.27001953125,nan,nan,8900608,2000,1500,0.15,548.343507528305,3.7683037841621383,2.8246797360241507,2.060842720361073,1.5190391540527344,3.0862744973217096,314.4608622288628,0.003932855696656294,0.5838937085822582,1.0745981728464364,1.7089496970176696,82.9539508041978,189.18322817384563,2.280581290460637,86.0621980989042,471909531648.0,4719095316480000.0,nan,nan,0.922242474485316,0.8702725702876982,14.940885507844417,2281.4421579983086,26917.652723180334,0.054882194846868515,1.0,9980,6.644063166576155,4.605313651374444,0.24407013004246284
EvieDiag,full,42,0.001,3.0,105.41489134011536,109.87967411705054,False,,10000,2758.307670354843,0.2758307670354843,0.0002834805803742846,0.6357,2271.42626953125,nan,nan,8900608,2000,1500,0.15,412.5470995903015,3.8025056673485342,2.878550476186435,2.1797737686921717,1.673389494419098,2.9845144157703265,269.2906039929849,0.003813195061057331,0.582733097422679,1.1930404224544764,1.7775329887866973,82.95761444020445,209.0576420581308,2.5200536860762646,116.01316395528622,471909531648.0,4719095316480000.0,nan,nan,0.9567503798270062,0.9261520572796508,12.219449482450093,1862.6427292741835,0.0,1.0,1.0,9980,6.719934872167594,4.657903910189424,0.24447236597664543
EvieDiag,full,43,0.001,3.0,103.82623596535701,108.07689888281949,False,,10000,2750.6866071224213,0.2750686607122421,0.0002851572950199287,0.6287,2271.42626953125,nan,nan,8900608,2000,1500,0.15,409.63028931617737,3.7778258052288356,2.8336072191856077,2.1391858003033524,1.6157004833221436,3.0270182104373937,286.4276714339676,0.0038502518122411023,0.5749968249695564,1.174235689228773,1.7046155869960784,82.94476298056496,208.02744347756445,2.508023846259082,116.33459048784985,471909531648.0,4719095316480000.0,nan,nan,0.9579750577729532,0.9300913688040062,11.477412110295097,1839.8345999789658,0.0,1.0,1.0,9980,6.698027235729371,4.642718693759537,0.2459486133227176
EvieDiag,full,44,0.001,3.0,107.2926964513536,112.24128241319131,False,,10000,2751.2658820152283,0.2751265882015228,0.00028298312389426203,0.6364,2271.42626953125,nan,nan,8900608,2000,1500,0.15,408.82191586494446,3.8370632601673305,2.891365204400802,2.201344099720291,1.7781323194503784,2.8974282612466506,274.70895001187745,0.003829159249029378,0.5801547173498689,1.1783557772949338,1.71398446559906,82.96334508615182,206.12847812372243,2.4845728907106137,116.31009641482146,471909531648.0,4719095316480000.0,nan,nan,0.9561012889761974,0.9242322190893009,11.799156888328385,1880.1481443362077,0.0,1.0,1.0,9980,6.745408063147526,4.675560580697029,0.24173135615711253
EvieDiag,full,45,0.001,3.0,104.22116046137975,107.52373926567446,False,,10000,2748.307223558426,0.2748307223558426,0.00028321117549961144,0.6385,2271.42626953125,nan,nan,8900608,2000,1500,0.15,409.5561566352844,3.7754480964176036,2.844793251116713,2.1299666861433106,1.634255826473236,3.0122593576741066,279.6441370474585,0.0038204334395189055,0.5738690238493646,1.2101733394235372,1.802514064311981,82.94472082997213,207.76698511078598,2.5048849767869643,116.43530870819951,471909531648.0,4719095316480000.0,nan,nan,0.9573816750085221,0.9297076597278731,12.176652959284322,1912.5000951619354,0.0,1.0,1.0,9980,6.70350441358464,4.646515184147343,0.24562931263269638
EvieDiag,full,46,0.001,3.0,106.39459253080821,109.19818106734195,False,,10000,2760.959233522415,0.27609592335224153,0.00028360398845305427,0.6311,2271.42626953125,nan,nan,8900608,2000,1500,0.15,411.0720863342285,3.779624286006616,2.8303702454799087,2.115647358646786,1.5572763681411743,3.109878385396014,296.48594247516945,0.0038408518989004963,0.5769952786600757,1.197110853484273,1.753552496433258,82.96432284452919,205.90619400725882,2.481864335747262,115.90174752118521,471909531648.0,4719095316480000.0,nan,nan,0.958399040944896,0.929675528565211,12.169827707342897,1966.275593200256,0.0,1.0,1.0,9980,6.733281017989454,4.667154753537188,0.2442442940552017
EvieDiag,full,47,0.001,3.0,106.7411441426033,109.41524826810237,False,,10000,2743.719079732895,0.2743719079732895,0.0002820791845989538,0.6107,2271.42626953125,nan,nan,8900608,2000,1500,0.15,407.28852796554565,3.8296662167671536,2.9155512471859333,2.2111479597189323,1.6583486795425415,3.0120580102734253,269.8553295833192,0.0038227251481607813,0.5889561975796389,1.1524269739821553,1.6858882665634154,82.92635895584752,205.3203882733767,2.4759363712410845,116.63001593849486,471909531648.0,4719095316480000.0,nan,nan,0.9568481280853955,0.9247625239520797,12.079217745009284,1818.3817379096522,0.0,1.0,1.0,9980,6.7379725703321345,4.670406689815967,0.24254412154989385
EvieDiag,full,48,0.001,3.0,104.49251382786292,108.07786996858292,False,,10000,2764.4178550243378,0.27644178550243376,0.000282642351209084,0.6357,2271.42626953125,nan,nan,8900608,2000,1500,0.15,413.4508740901947,3.7530159384105377,2.8157583739008483,2.11030659688318,1.6843385696411133,2.9647768611867464,288.7715662024228,0.00380978870928774,0.5828880824160904,1.18509197140038,1.7273568212985988,82.94867448765184,207.55665649582573,2.5022299364979443,115.7567403995742,471909531648.0,4719095316480000.0,nan,nan,0.9588808304775842,0.9324643945024407,12.46627087593428,2002.3410813909024,0.0,1.0,1.0,9980,6.70725577657571,4.64911543082786,0.2444391918789809
EvieDiag,full,49,0.001,3.0,104.25041946465507,107.28227508640677,False,,10000,2768.8406386375427,0.27688406386375425,0.0002842710728097922,0.6352,2271.42626953125,nan,nan,8900608,2000,1500,0.15,409.3033335208893,3.7131524220788426,2.734974038231051,2.0378785045762315,1.5404711961746216,3.1063246881379696,322.74526874247,0.0038175723744343455,0.5735474556077145,1.200135408461094,1.810992801189422,82.94806279040978,209.58524545586656,2.5267045233526324,115.57183737286582,471909531648.0,4719095316480000.0,nan,nan,0.9603904967098009,0.9350684236301785,12.097216521883187,1976.6559324894101,0.0,1.0,1.0,5540,6.703909378321021,4.646795884312591,0.24508194002123143
EvieDiag,full,50,0.001,3.0,106.95150018058573,111.39111576207047,False,,10000,2786.7294149398804,0.278672941493988,0.00028271108341730605,0.6348,2271.42626953125,nan,nan,8900608,2000,1500,0.15,414.3151261806488,3.839143490230821,2.8902718658282023,2.183419430257237,1.7080523371696472,2.9643231251943387,280.3386248218117,0.003835945065186448,0.5725380110229333,1.2180061666160822,1.8126694858074188,82.94603222537154,204.18687717664332,2.4616834789860707,114.82995022209701,471909531648.0,4719095316480000.0,nan,nan,0.9557799066497896,0.926102570788573,12.35569892639637,1938.7278575703967,0.0,1.0,1.0,9980,6.7408129087238,4.672375462363986,0.24366789410828024
EvieDiag,full,51,0.001,3.0,106.04087448286333,109.96405382759242,False,,10000,2786.218073606491,0.2786218073606491,0.00028217248966157953,0.6317,2271.42626953125,nan,nan,8900608,2000,1500,0.15,414.31083488464355,3.820003415271833,2.889488962758828,2.1814054127767606,1.7132161855697632,2.9506084425434187,271.689374332409,0.003815514938918709,0.5769726714240105,1.1861459978982807,1.766261076927185,82.9539508041978,205.36370840835073,2.475635053152387,114.85102441597144,471909531648.0,4719095316480000.0,nan,nan,0.9568626491384503,0.9238304986673932,12.346143768695809,1855.8286560773383,0.0,1.0,1.0,9980,6.7284766625547014,4.663824628113182,0.2419304007430998
