host,arm,seed,value,n_units,metric,lower_is_better
finance_tech,EvieDiag,42,0.00044499985970459973,47,test_mse,1
finance_tech,EvieDiag,43,0.0004632612562048205,47,test_mse,1
finance_tech,EvieDiag,44,0.00046153697702619765,47,test_mse,1
finance_tech,EvieDiag,45,0.00045541116276627064,47,test_mse,1
finance_tech,EvieDiag,46,0.00042109904938904697,47,test_mse,1
finance_tech,EvieDiag,47,0.00044237467504682995,47,test_mse,1
finance_tech,EvieDiag,48,0.00044284102978644433,47,test_mse,1
finance_tech,EvieDiag,49,0.0004493607208132744,47,test_mse,1
finance_tech,EvieDiag,50,0.00045779289363266586,47,test_mse,1
finance_tech,EvieDiag,51,0.0003922837909567293,47,test_mse,1
finance_tech,EvieDiagAbs,42,0.00039339246888640063,47,test_mse,1
finance_tech,EvieDiagAbs,43,0.0004370677723455681,47,test_mse,1
finance_tech,EvieDiagAbs,44,0.0004125607234460336,47,test_mse,1
finance_tech,EvieDiagAbs,45,0.0004290596990988999,47,test_mse,1
finance_tech,EvieDiagAbs,46,0.00042387722181035325,47,test_mse,1
finance_tech,EvieDiagAbs,47,0.00039057886947399724,47,test_mse,1
finance_tech,EvieDiagAbs,48,0.00041474290675931163,47,test_mse,1
finance_tech,EvieDiagAbs,49,0.0004141785638042228,47,test_mse,1
finance_tech,EvieDiagAbs,50,0.00046315552696349127,47,test_mse,1
finance_tech,EvieDiagAbs,51,0.0004280621742273306,47,test_mse,1
finance_tech,EvieKF,42,0.0003914078549733238,47,test_mse,1
finance_tech,EvieKF,43,0.00039101664036039324,47,test_mse,1
finance_tech,EvieKF,44,0.0003909405577119696,47,test_mse,1
finance_tech,EvieKF,45,0.0003909390202905766,47,test_mse,1
finance_tech,EvieKF,46,0.00039096129319024465,47,test_mse,1
finance_tech,EvieKF,47,0.00039126791020549793,47,test_mse,1
finance_tech,EvieKF,48,0.00039100631204231706,47,test_mse,1
finance_tech,EvieKF,49,0.00038936813041646643,47,test_mse,1
finance_tech,EvieKF,50,0.0003912355849351833,47,test_mse,1
finance_tech,EvieKF,51,0.00041417874299086536,47,test_mse,1
finance_tech,EvieKFu,42,0.00039207809185855605,47,test_mse,1
finance_tech,EvieKFu,43,0.00039162951960134757,47,test_mse,1
finance_tech,EvieKFu,44,0.0003909478111872597,47,test_mse,1
finance_tech,EvieKFu,45,0.00039107273653070764,47,test_mse,1
finance_tech,EvieKFu,46,0.00039095068892473897,47,test_mse,1
finance_tech,EvieKFu,47,0.0003911844952396615,47,test_mse,1
finance_tech,EvieKFu,48,0.00039097426271943186,47,test_mse,1
finance_tech,EvieKFu,49,0.000395166416647573,47,test_mse,1
finance_tech,EvieKFu,50,0.0003909743415615546,47,test_mse,1
finance_tech,EvieKFu,51,0.00041467749646731785,47,test_mse,1
language_wikitext2,EvieDiag,42,105.41489134011536,1,test_perplexity,1
language_wikitext2,EvieDiag,43,103.82623596535701,1,test_perplexity,1
language_wikitext2,EvieDiag,44,107.2926964513536,1,test_perplexity,1
language_wikitext2,EvieDiag,45,104.22116046137975,1,test_perplexity,1
language_wikitext2,EvieDiag,46,106.39459253080821,1,test_perplexity,1
language_wikitext2,EvieDiag,47,106.7411441426033,1,test_perplexity,1
language_wikitext2,EvieDiag,48,104.49251382786292,1,test_perplexity,1
language_wikitext2,EvieDiag,49,104.25041946465507,1,test_perplexity,1
language_wikitext2,EvieDiag,50,106.95150018058573,1,test_perplexity,1
language_wikitext2,EvieDiag,51,106.04087448286333,1,test_perplexity,1
language_wikitext2,EvieDiagAbs,42,105.58292249933646,1,test_perplexity,1
language_wikitext2,EvieDiagAbs,43,106.6826793811853,1,test_perplexity,1
language_wikitext2,EvieDiagAbs,44,112.46350597674098,1,test_perplexity,1
language_wikitext2,EvieDiagAbs,45,105.9546802378946,1,test_perplexity,1
language_wikitext2,EvieDiagAbs,46,106.28770174931614,1,test_perplexity,1
language_wikitext2,EvieDiagAbs,47,104.26583486174856,1,test_perplexity,1
language_wikitext2,EvieDiagAbs,48,107.48300634938356,1,test_perplexity,1
language_wikitext2,EvieDiagAbs,49,106.84962286422072,1,test_perplexity,1
language_wikitext2,EvieDiagAbs,50,107.23577083357118,1,test_perplexity,1
language_wikitext2,EvieDiagAbs,51,107.16630495063973,1,test_perplexity,1
language_wikitext2,EvieKF,42,99.66651587713046,1,test_perplexity,1
language_wikitext2,EvieKF,43,98.33014102081073,1,test_perplexity,1
language_wikitext2,EvieKF,44,102.5627687890703,1,test_perplexity,1
language_wikitext2,EvieKF,45,100.45674286767259,1,test_perplexity,1
language_wikitext2,EvieKF,46,101.58756880933568,1,test_perplexity,1
language_wikitext2,EvieKF,47,99.63283170547606,1,test_perplexity,1
language_wikitext2,EvieKF,48,99.42036995995724,1,test_perplexity,1
language_wikitext2,EvieKF,49,98.65776300554984,1,test_perplexity,1
language_wikitext2,EvieKF,50,99.0791843320803,1,test_perplexity,1
language_wikitext2,EvieKF,51,101.68717307296227,1,test_perplexity,1
language_wikitext2,EvieKFu,42,99.94829356593642,1,test_perplexity,1
language_wikitext2,EvieKFu,43,98.78584805649147,1,test_perplexity,1
language_wikitext2,EvieKFu,44,98.95205571461703,1,test_perplexity,1
language_wikitext2,EvieKFu,45,98.74251238168152,1,test_perplexity,1
language_wikitext2,EvieKFu,46,101.401330760757,1,test_perplexity,1
language_wikitext2,EvieKFu,47,100.87291819869033,1,test_perplexity,1
language_wikitext2,EvieKFu,48,100.05110865489999,1,test_perplexity,1
language_wikitext2,EvieKFu,49,99.89099284391645,1,test_perplexity,1
language_wikitext2,EvieKFu,50,99.00065656464704,1,test_perplexity,1
language_wikitext2,EvieKFu,51,100.01434756780033,1,test_perplexity,1
vision_cifar10,EvieDiag,42,81.76,1,test_top1_acc,0
vision_cifar10,EvieDiag,43,80.96,1,test_top1_acc,0
vision_cifar10,EvieDiag,44,82.0,1,test_top1_acc,0
vision_cifar10,EvieDiag,45,81.23,1,test_top1_acc,0
vision_cifar10,EvieDiag,46,81.92,1,test_top1_acc,0
vision_cifar10,EvieDiag,47,81.49,1,test_top1_acc,0
vision_cifar10,EvieDiag,48,81.5,1,test_top1_acc,0
vision_cifar10,EvieDiag,49,80.75,1,test_top1_acc,0
vision_cifar10,EvieDiag,50,81.56,1,test_top1_acc,0
vision_cifar10,EvieDiag,51,82.06,1,test_top1_acc,0
vision_cifar10,EvieKF,42,81.98,1,test_top1_acc,0
vision_cifar10,EvieKF,43,81.24,1,test_top1_acc,0
vision_cifar10,EvieKF,44,81.06,1,test_top1_acc,0
vision_cifar10,EvieKF,45,81.34,1,test_top1_acc,0
vision_cifar10,EvieKF,46,81.13,1,test_top1_acc,0
vision_cifar10,EvieKF,47,81.36,1,test_top1_acc,0
vision_cifar10,EvieKF,48,80.8,1,test_top1_acc,0
vision_cifar10,EvieKF,49,80.35,1,test_top1_acc,0
vision_cifar10,EvieKF,50,81.11,1,test_top1_acc,0
vision_cifar10,EvieKF,51,81.3,1,test_top1_acc,0
vision_cifar10,EvieKFu,42,81.24,1,test_top1_acc,0
vision_cifar10,EvieKFu,43,80.03,1,test_top1_acc,0
vision_cifar10,EvieKFu,44,80.73,1,test_top1_acc,0
vision_cifar10,EvieKFu,45,80.78,1,test_top1_acc,0
vision_cifar10,EvieKFu,46,80.59,1,test_top1_acc,0
vision_cifar10,EvieKFu,47,80.55,1,test_top1_acc,0
vision_cifar10,EvieKFu,48,80.04,1,test_top1_acc,0
vision_cifar10,EvieKFu,49,79.47,1,test_top1_acc,0
vision_cifar10,EvieKFu,50,80.5,1,test_top1_acc,0
vision_cifar10,EvieKFu,51,79.96,1,test_top1_acc,0
