panel,lr,gamma,search_score,metric,lower_is_better,is_frozen
vision_cifar10,3.162e-05,3.0,45.56,test_top1_acc,0,0
vision_cifar10,3.162e-05,10.0,44.3,test_top1_acc,0,0
vision_cifar10,3.162e-05,30.0,43.02,test_top1_acc,0,0
vision_cifar10,3.162e-05,100.0,41.66,test_top1_acc,0,0
vision_cifar10,3.162e-05,300.0,40.06,test_top1_acc,0,0
vision_cifar10,3.162e-05,1000.0,38.64,test_top1_acc,0,0
vision_cifar10,3.162e-05,3000.0,37.24,test_top1_acc,0,0
vision_cifar10,0.0001,3.0,63.34,test_top1_acc,0,0
vision_cifar10,0.0001,10.0,62.36,test_top1_acc,0,0
vision_cifar10,0.0001,30.0,61.12,test_top1_acc,0,0
vision_cifar10,0.0001,100.0,59.86,test_top1_acc,0,0
vision_cifar10,0.0001,300.0,58.12,test_top1_acc,0,0
vision_cifar10,0.0001,1000.0,56.36,test_top1_acc,0,0
vision_cifar10,0.0001,3000.0,54.06,test_top1_acc,0,0
vision_cifar10,0.0003162,3.0,72.16,test_top1_acc,0,0
vision_cifar10,0.0003162,10.0,72.08,test_top1_acc,0,0
vision_cifar10,0.0003162,30.0,70.94,test_top1_acc,0,0
vision_cifar10,0.0003162,100.0,69.96,test_top1_acc,0,0
vision_cifar10,0.0003162,300.0,69.76,test_top1_acc,0,0
vision_cifar10,0.0003162,1000.0,68.18,test_top1_acc,0,0
vision_cifar10,0.0003162,3000.0,66.94,test_top1_acc,0,0
vision_cifar10,0.001,3.0,76.36,test_top1_acc,0,0
vision_cifar10,0.001,10.0,76.52,test_top1_acc,0,0
vision_cifar10,0.001,30.0,75.74,test_top1_acc,0,0
vision_cifar10,0.001,100.0,75.12,test_top1_acc,0,0
vision_cifar10,0.001,300.0,74.72,test_top1_acc,0,0
vision_cifar10,0.001,1000.0,73.68,test_top1_acc,0,0
vision_cifar10,0.001,3000.0,73.3,test_top1_acc,0,0
vision_cifar10,0.003162,3.0,79.58,test_top1_acc,0,0
vision_cifar10,0.003162,10.0,79.06,test_top1_acc,0,0
vision_cifar10,0.003162,30.0,78.9,test_top1_acc,0,0
vision_cifar10,0.003162,100.0,78.56,test_top1_acc,0,0
vision_cifar10,0.003162,300.0,78.12,test_top1_acc,0,0
vision_cifar10,0.003162,1000.0,77.18,test_top1_acc,0,0
vision_cifar10,0.003162,3000.0,76.92,test_top1_acc,0,0
vision_cifar10,0.01,3.0,80.16,test_top1_acc,0,0
vision_cifar10,0.01,10.0,79.36,test_top1_acc,0,0
vision_cifar10,0.01,30.0,79.76,test_top1_acc,0,0
vision_cifar10,0.01,100.0,80.06,test_top1_acc,0,0
vision_cifar10,0.01,300.0,79.62,test_top1_acc,0,0
vision_cifar10,0.01,1000.0,79.84,test_top1_acc,0,0
vision_cifar10,0.01,3000.0,79.72,test_top1_acc,0,0
vision_cifar10,0.03162,3.0,78.12,test_top1_acc,0,0
vision_cifar10,0.03162,10.0,77.72,test_top1_acc,0,0
vision_cifar10,0.03162,30.0,77.62,test_top1_acc,0,0
vision_cifar10,0.03162,100.0,79.52,test_top1_acc,0,0
vision_cifar10,0.03162,300.0,78.92,test_top1_acc,0,0
vision_cifar10,0.03162,1000.0,78.9,test_top1_acc,0,0
vision_cifar10,0.03162,3000.0,80.22,test_top1_acc,0,0
vision_cifar10,0.09999,3.0,77.08,test_top1_acc,0,0
vision_cifar10,0.09999,10.0,78.28,test_top1_acc,0,0
vision_cifar10,0.09999,30.0,80.06,test_top1_acc,0,0
vision_cifar10,0.09999,100.0,79.6,test_top1_acc,0,0
vision_cifar10,0.09999,300.0,79.3,test_top1_acc,0,0
vision_cifar10,0.09999,1000.0,80.28,test_top1_acc,0,0
vision_cifar10,0.09999,3000.0,81.64,test_top1_acc,0,0
vision_cifar10,0.3162,3.0,72.98,test_top1_acc,0,0
vision_cifar10,0.3162,10.0,75.76,test_top1_acc,0,0
vision_cifar10,0.3162,30.0,76.36,test_top1_acc,0,0
vision_cifar10,0.3162,100.0,75.0,test_top1_acc,0,0
vision_cifar10,0.3162,300.0,75.56,test_top1_acc,0,0
vision_cifar10,0.3162,1000.0,76.32,test_top1_acc,0,0
vision_cifar10,0.3162,3000.0,75.4,test_top1_acc,0,0
vision_cifar10,3.162e-05,9000.0,35.62,test_top1_acc,0,0
vision_cifar10,3.162e-05,27000.0,34.38,test_top1_acc,0,0
vision_cifar10,0.0001,9000.0,50.96,test_top1_acc,0,0
vision_cifar10,0.0001,27000.0,48.04,test_top1_acc,0,0
vision_cifar10,0.0003162,9000.0,65.92,test_top1_acc,0,0
vision_cifar10,0.0003162,27000.0,64.86,test_top1_acc,0,0
vision_cifar10,0.001,9000.0,72.32,test_top1_acc,0,0
vision_cifar10,0.001,27000.0,71.64,test_top1_acc,0,0
vision_cifar10,0.003162,9000.0,75.44,test_top1_acc,0,0
vision_cifar10,0.003162,27000.0,76.18,test_top1_acc,0,0
vision_cifar10,0.01,9000.0,79.26,test_top1_acc,0,0
vision_cifar10,0.01,27000.0,79.64,test_top1_acc,0,0
vision_cifar10,0.03162,9000.0,80.18,test_top1_acc,0,0
vision_cifar10,0.03162,27000.0,80.78,test_top1_acc,0,0
vision_cifar10,0.09999,9000.0,80.7,test_top1_acc,0,0
vision_cifar10,0.09999,27000.0,82.28,test_top1_acc,0,1
vision_cifar10,0.3162,9000.0,78.02,test_top1_acc,0,0
vision_cifar10,0.3162,27000.0,78.86,test_top1_acc,0,0
vision_cifar10,3.162e-05,81000.0,33.24,test_top1_acc,0,0
vision_cifar10,3.162e-05,243000.0,32.0,test_top1_acc,0,0
vision_cifar10,0.0001,81000.0,44.52,test_top1_acc,0,0
vision_cifar10,0.0001,243000.0,41.46,test_top1_acc,0,0
vision_cifar10,0.0003162,81000.0,63.76,test_top1_acc,0,0
vision_cifar10,0.0003162,243000.0,62.26,test_top1_acc,0,0
vision_cifar10,0.001,81000.0,71.14,test_top1_acc,0,0
vision_cifar10,0.001,243000.0,70.5,test_top1_acc,0,0
vision_cifar10,0.003162,81000.0,74.66,test_top1_acc,0,0
vision_cifar10,0.003162,243000.0,74.26,test_top1_acc,0,0
vision_cifar10,0.01,81000.0,78.54,test_top1_acc,0,0
vision_cifar10,0.01,243000.0,78.26,test_top1_acc,0,0
vision_cifar10,0.03162,81000.0,80.46,test_top1_acc,0,0
vision_cifar10,0.03162,243000.0,80.62,test_top1_acc,0,0
vision_cifar10,0.09999,81000.0,80.74,test_top1_acc,0,0
vision_cifar10,0.09999,243000.0,81.28,test_top1_acc,0,0
vision_cifar10,0.3162,81000.0,78.92,test_top1_acc,0,0
vision_cifar10,0.3162,243000.0,79.0,test_top1_acc,0,0
vision_cifar100,3.162e-05,3.0,11.04,test_top1_acc,0,0
vision_cifar100,3.162e-05,10.0,10.94,test_top1_acc,0,0
vision_cifar100,3.162e-05,30.0,10.9,test_top1_acc,0,0
vision_cifar100,3.162e-05,100.0,11.16,test_top1_acc,0,0
vision_cifar100,3.162e-05,300.0,11.04,test_top1_acc,0,0
vision_cifar100,3.162e-05,1000.0,10.78,test_top1_acc,0,0
vision_cifar100,3.162e-05,3000.0,10.76,test_top1_acc,0,0
vision_cifar100,0.0001,3.0,21.46,test_top1_acc,0,0
vision_cifar100,0.0001,10.0,19.94,test_top1_acc,0,0
vision_cifar100,0.0001,30.0,18.78,test_top1_acc,0,0
vision_cifar100,0.0001,100.0,17.9,test_top1_acc,0,0
vision_cifar100,0.0001,300.0,16.8,test_top1_acc,0,0
vision_cifar100,0.0001,1000.0,16.12,test_top1_acc,0,0
vision_cifar100,0.0001,3000.0,15.62,test_top1_acc,0,0
vision_cifar100,0.0003162,3.0,37.72,test_top1_acc,0,0
vision_cifar100,0.0003162,10.0,36.08,test_top1_acc,0,0
vision_cifar100,0.0003162,30.0,34.22,test_top1_acc,0,0
vision_cifar100,0.0003162,100.0,32.76,test_top1_acc,0,0
vision_cifar100,0.0003162,300.0,30.94,test_top1_acc,0,0
vision_cifar100,0.0003162,1000.0,29.38,test_top1_acc,0,0
vision_cifar100,0.0003162,3000.0,28.32,test_top1_acc,0,0
vision_cifar100,0.001,3.0,46.92,test_top1_acc,0,0
vision_cifar100,0.001,10.0,46.02,test_top1_acc,0,0
vision_cifar100,0.001,30.0,45.28,test_top1_acc,0,0
vision_cifar100,0.001,100.0,43.76,test_top1_acc,0,0
vision_cifar100,0.001,300.0,43.76,test_top1_acc,0,0
vision_cifar100,0.001,1000.0,41.66,test_top1_acc,0,0
vision_cifar100,0.001,3000.0,40.7,test_top1_acc,0,0
vision_cifar100,0.003162,3.0,48.04,test_top1_acc,0,0
vision_cifar100,0.003162,10.0,49.9,test_top1_acc,0,0
vision_cifar100,0.003162,30.0,50.12,test_top1_acc,0,0
vision_cifar100,0.003162,100.0,49.52,test_top1_acc,0,0
vision_cifar100,0.003162,300.0,49.16,test_top1_acc,0,0
vision_cifar100,0.003162,1000.0,47.96,test_top1_acc,0,0
vision_cifar100,0.003162,3000.0,47.56,test_top1_acc,0,0
vision_cifar100,0.01,3.0,43.0,test_top1_acc,0,0
vision_cifar100,0.01,10.0,44.18,test_top1_acc,0,0
vision_cifar100,0.01,30.0,45.54,test_top1_acc,0,0
vision_cifar100,0.01,100.0,47.82,test_top1_acc,0,0
vision_cifar100,0.01,300.0,49.2,test_top1_acc,0,0
vision_cifar100,0.01,1000.0,50.76,test_top1_acc,0,1
vision_cifar100,0.01,3000.0,49.96,test_top1_acc,0,0
vision_cifar100,0.03162,3.0,36.74,test_top1_acc,0,0
vision_cifar100,0.03162,10.0,37.26,test_top1_acc,0,0
vision_cifar100,0.03162,30.0,39.36,test_top1_acc,0,0
vision_cifar100,0.03162,100.0,39.78,test_top1_acc,0,0
vision_cifar100,0.03162,300.0,41.44,test_top1_acc,0,0
vision_cifar100,0.03162,1000.0,45.58,test_top1_acc,0,0
vision_cifar100,0.03162,3000.0,46.02,test_top1_acc,0,0
vision_svhn,3.162e-05,3.0,33.92028392028392,test_top1_acc,0,0
vision_svhn,3.162e-05,10.0,32.07753207753208,test_top1_acc,0,0
vision_svhn,3.162e-05,30.0,30.73983073983074,test_top1_acc,0,0
vision_svhn,3.162e-05,100.0,29.32022932022932,test_top1_acc,0,0
vision_svhn,3.162e-05,300.0,27.231777231777233,test_top1_acc,0,0
vision_svhn,3.162e-05,1000.0,25.634725634725633,test_top1_acc,0,0
vision_svhn,3.162e-05,3000.0,24.365274365274367,test_top1_acc,0,0
vision_svhn,0.0001,3.0,80.88998088998089,test_top1_acc,0,0
vision_svhn,0.0001,10.0,76.4946764946765,test_top1_acc,0,0
vision_svhn,0.0001,30.0,70.92547092547093,test_top1_acc,0,0
vision_svhn,0.0001,100.0,65.62926562926563,test_top1_acc,0,0
vision_svhn,0.0001,300.0,60.38766038766039,test_top1_acc,0,0
vision_svhn,0.0001,1000.0,53.753753753753756,test_top1_acc,0,0
vision_svhn,0.0001,3000.0,45.3999453999454,test_top1_acc,0,0
vision_svhn,0.0003162,3.0,91.94649194649195,test_top1_acc,0,0
vision_svhn,0.0003162,10.0,91.41414141414141,test_top1_acc,0,0
vision_svhn,0.0003162,30.0,90.71799071799072,test_top1_acc,0,0
vision_svhn,0.0003162,100.0,89.14823914823914,test_top1_acc,0,0
vision_svhn,0.0003162,300.0,87.60578760578761,test_top1_acc,0,0
vision_svhn,0.0003162,1000.0,85.40813540813541,test_top1_acc,0,0
vision_svhn,0.0003162,3000.0,83.57903357903358,test_top1_acc,0,0
vision_svhn,0.001,3.0,92.94294294294295,test_top1_acc,0,0
vision_svhn,0.001,10.0,92.91564291564292,test_top1_acc,0,0
vision_svhn,0.001,30.0,92.76549276549277,test_top1_acc,0,0
vision_svhn,0.001,100.0,92.3013923013923,test_top1_acc,0,0
vision_svhn,0.001,300.0,92.2058422058422,test_top1_acc,0,0
vision_svhn,0.001,1000.0,91.83729183729184,test_top1_acc,0,0
vision_svhn,0.001,3000.0,91.11384111384112,test_top1_acc,0,0
vision_svhn,0.003162,3.0,93.18864318864318,test_top1_acc,0,0
vision_svhn,0.003162,10.0,93.22959322959323,test_top1_acc,0,0
vision_svhn,0.003162,30.0,92.97024297024296,test_top1_acc,0,0
vision_svhn,0.003162,100.0,93.24324324324324,test_top1_acc,0,0
vision_svhn,0.003162,300.0,93.05214305214305,test_top1_acc,0,0
vision_svhn,0.003162,1000.0,92.98389298389299,test_top1_acc,0,0
vision_svhn,0.003162,3000.0,93.07944307944308,test_top1_acc,0,0
vision_svhn,0.01,3.0,93.57084357084356,test_top1_acc,0,0
vision_svhn,0.01,10.0,93.83019383019383,test_top1_acc,0,1
vision_svhn,0.01,30.0,93.44799344799345,test_top1_acc,0,0
vision_svhn,0.01,100.0,93.42069342069342,test_top1_acc,0,0
vision_svhn,0.01,300.0,93.17499317499318,test_top1_acc,0,0
vision_svhn,0.01,1000.0,93.36609336609337,test_top1_acc,0,0
vision_svhn,0.01,3000.0,93.24324324324324,test_top1_acc,0,0
vision_svhn,0.03162,3.0,92.92929292929293,test_top1_acc,0,0
vision_svhn,0.03162,10.0,92.97024297024296,test_top1_acc,0,0
vision_svhn,0.03162,30.0,93.36609336609337,test_top1_acc,0,0
vision_svhn,0.03162,100.0,93.77559377559378,test_top1_acc,0,0
vision_svhn,0.03162,300.0,92.8064428064428,test_top1_acc,0,0
vision_svhn,0.03162,1000.0,93.51624351624352,test_top1_acc,0,0
vision_svhn,0.03162,3000.0,93.33879333879334,test_top1_acc,0,0
vision_stl10,3.162e-05,3.0,44.0,test_top1_acc,0,0
vision_stl10,3.162e-05,10.0,43.4,test_top1_acc,0,0
vision_stl10,3.162e-05,30.0,43.2,test_top1_acc,0,0
vision_stl10,3.162e-05,100.0,44.0,test_top1_acc,0,0
vision_stl10,3.162e-05,300.0,43.2,test_top1_acc,0,0
vision_stl10,3.162e-05,1000.0,41.8,test_top1_acc,0,0
vision_stl10,3.162e-05,3000.0,40.8,test_top1_acc,0,0
vision_stl10,0.0001,3.0,48.8,test_top1_acc,0,0
vision_stl10,0.0001,10.0,49.8,test_top1_acc,0,0
vision_stl10,0.0001,30.0,49.8,test_top1_acc,0,0
vision_stl10,0.0001,100.0,50.8,test_top1_acc,0,0
vision_stl10,0.0001,300.0,51.0,test_top1_acc,0,0
vision_stl10,0.0001,1000.0,49.2,test_top1_acc,0,0
vision_stl10,0.0001,3000.0,46.6,test_top1_acc,0,0
vision_stl10,0.0003162,3.0,49.8,test_top1_acc,0,0
vision_stl10,0.0003162,10.0,50.0,test_top1_acc,0,0
vision_stl10,0.0003162,30.0,48.2,test_top1_acc,0,0
vision_stl10,0.0003162,100.0,48.6,test_top1_acc,0,0
vision_stl10,0.0003162,300.0,49.8,test_top1_acc,0,0
vision_stl10,0.0003162,1000.0,50.6,test_top1_acc,0,0
vision_stl10,0.0003162,3000.0,51.0,test_top1_acc,0,0
vision_stl10,0.001,3.0,48.8,test_top1_acc,0,0
vision_stl10,0.001,10.0,47.6,test_top1_acc,0,0
vision_stl10,0.001,30.0,50.6,test_top1_acc,0,0
vision_stl10,0.001,100.0,50.0,test_top1_acc,0,0
vision_stl10,0.001,300.0,48.0,test_top1_acc,0,0
vision_stl10,0.001,1000.0,47.4,test_top1_acc,0,0
vision_stl10,0.001,3000.0,47.2,test_top1_acc,0,0
vision_stl10,0.003162,3.0,52.6,test_top1_acc,0,0
vision_stl10,0.003162,10.0,52.6,test_top1_acc,0,0
vision_stl10,0.003162,30.0,51.2,test_top1_acc,0,0
vision_stl10,0.003162,100.0,50.0,test_top1_acc,0,0
vision_stl10,0.003162,300.0,50.8,test_top1_acc,0,0
vision_stl10,0.003162,1000.0,52.0,test_top1_acc,0,0
vision_stl10,0.003162,3000.0,51.6,test_top1_acc,0,0
vision_stl10,0.01,3.0,53.0,test_top1_acc,0,0
vision_stl10,0.01,10.0,53.4,test_top1_acc,0,0
vision_stl10,0.01,30.0,53.0,test_top1_acc,0,0
vision_stl10,0.01,100.0,52.0,test_top1_acc,0,0
vision_stl10,0.01,300.0,51.0,test_top1_acc,0,0
vision_stl10,0.01,1000.0,53.4,test_top1_acc,0,0
vision_stl10,0.01,3000.0,53.0,test_top1_acc,0,0
vision_stl10,0.03162,3.0,54.2,test_top1_acc,0,1
vision_stl10,0.03162,10.0,52.4,test_top1_acc,0,0
vision_stl10,0.03162,30.0,50.8,test_top1_acc,0,0
vision_stl10,0.03162,100.0,52.8,test_top1_acc,0,0
vision_stl10,0.03162,300.0,52.4,test_top1_acc,0,0
vision_stl10,0.03162,1000.0,51.6,test_top1_acc,0,0
vision_stl10,0.03162,3000.0,53.6,test_top1_acc,0,0
vision_stl10,0.09999,3.0,49.4,test_top1_acc,0,0
vision_stl10,0.09999,10.0,47.6,test_top1_acc,0,0
vision_stl10,0.09999,30.0,49.2,test_top1_acc,0,0
vision_stl10,0.09999,100.0,48.2,test_top1_acc,0,0
vision_stl10,0.09999,300.0,50.2,test_top1_acc,0,0
vision_stl10,0.09999,1000.0,52.2,test_top1_acc,0,0
vision_stl10,0.09999,3000.0,52.8,test_top1_acc,0,0
vision_stl10,0.3162,3.0,44.8,test_top1_acc,0,0
vision_stl10,0.3162,10.0,44.6,test_top1_acc,0,0
vision_stl10,0.3162,30.0,46.4,test_top1_acc,0,0
vision_stl10,0.3162,100.0,45.8,test_top1_acc,0,0
vision_stl10,0.3162,300.0,45.4,test_top1_acc,0,0
vision_stl10,0.3162,1000.0,43.6,test_top1_acc,0,0
vision_stl10,0.3162,3000.0,46.8,test_top1_acc,0,0
vision_stl10,3.162e-05,0.3333,45.4,test_top1_acc,0,0
vision_stl10,3.162e-05,1.0,45.0,test_top1_acc,0,0
vision_stl10,0.0001,0.3333,49.4,test_top1_acc,0,0
vision_stl10,0.0001,1.0,49.0,test_top1_acc,0,0
vision_stl10,0.0003162,0.3333,52.0,test_top1_acc,0,0
vision_stl10,0.0003162,1.0,51.0,test_top1_acc,0,0
vision_stl10,0.001,0.3333,48.4,test_top1_acc,0,0
vision_stl10,0.001,1.0,47.4,test_top1_acc,0,0
vision_stl10,0.003162,0.3333,51.0,test_top1_acc,0,0
vision_stl10,0.003162,1.0,50.6,test_top1_acc,0,0
vision_stl10,0.01,0.3333,53.4,test_top1_acc,0,0
vision_stl10,0.01,1.0,52.6,test_top1_acc,0,0
vision_stl10,0.03162,0.3333,48.8,test_top1_acc,0,0
vision_stl10,0.03162,1.0,49.8,test_top1_acc,0,0
vision_stl10,0.09999,0.3333,49.4,test_top1_acc,0,0
vision_stl10,0.09999,1.0,42.6,test_top1_acc,0,0
vision_stl10,0.3162,0.3333,47.2,test_top1_acc,0,0
vision_stl10,0.3162,1.0,42.0,test_top1_acc,0,0
language_wikitext2,3.162e-05,3.0,294.34788881661456,test_perplexity,1,0
language_wikitext2,3.162e-05,10.0,290.16643089637324,test_perplexity,1,0
language_wikitext2,3.162e-05,30.0,285.15407574645957,test_perplexity,1,0
language_wikitext2,3.162e-05,100.0,280.65470071661093,test_perplexity,1,0
language_wikitext2,3.162e-05,300.0,280.18191165018936,test_perplexity,1,0
language_wikitext2,3.162e-05,1000.0,288.6259320524916,test_perplexity,1,0
language_wikitext2,3.162e-05,3000.0,313.4089138666098,test_perplexity,1,0
language_wikitext2,0.0001,3.0,171.9842711888374,test_perplexity,1,0
language_wikitext2,0.0001,10.0,169.49828457791463,test_perplexity,1,0
language_wikitext2,0.0001,30.0,166.06451397683222,test_perplexity,1,0
language_wikitext2,0.0001,100.0,162.38585366172737,test_perplexity,1,0
language_wikitext2,0.0001,300.0,159.63085937398543,test_perplexity,1,0
language_wikitext2,0.0001,1000.0,158.41031305435783,test_perplexity,1,0
language_wikitext2,0.0001,3000.0,162.8228464460489,test_perplexity,1,0
language_wikitext2,0.0003162,3.0,109.07114458948648,test_perplexity,1,0
language_wikitext2,0.0003162,10.0,109.49330479470869,test_perplexity,1,0
language_wikitext2,0.0003162,30.0,109.9794113689638,test_perplexity,1,0
language_wikitext2,0.0003162,100.0,109.19923681001818,test_perplexity,1,0
language_wikitext2,0.0003162,300.0,110.30013772357425,test_perplexity,1,0
language_wikitext2,0.0003162,1000.0,112.04698651930251,test_perplexity,1,0
language_wikitext2,0.0003162,3000.0,114.57537075423933,test_perplexity,1,0
language_wikitext2,0.001,3.0,100.50436145186634,test_perplexity,1,0
language_wikitext2,0.001,10.0,101.69265716416585,test_perplexity,1,0
language_wikitext2,0.001,30.0,98.39134044876849,test_perplexity,1,0
language_wikitext2,0.001,100.0,97.68998685814759,test_perplexity,1,0
language_wikitext2,0.001,300.0,97.60331401379148,test_perplexity,1,1
language_wikitext2,0.001,1000.0,98.3371936520432,test_perplexity,1,0
language_wikitext2,0.001,3000.0,99.65836578282365,test_perplexity,1,0
language_wikitext2,0.003162,3.0,175.60073275855203,test_perplexity,1,0
language_wikitext2,0.003162,10.0,174.69654940229043,test_perplexity,1,0
language_wikitext2,0.003162,30.0,171.91479191906419,test_perplexity,1,0
language_wikitext2,0.003162,100.0,166.32434305178376,test_perplexity,1,0
language_wikitext2,0.003162,300.0,164.1657911779921,test_perplexity,1,0
language_wikitext2,0.003162,1000.0,161.31829936828123,test_perplexity,1,0
language_wikitext2,0.003162,3000.0,154.74180922389942,test_perplexity,1,0
language_wikitext2,0.01,3.0,295.9062823165144,test_perplexity,1,0
language_wikitext2,0.01,10.0,294.5238002143767,test_perplexity,1,0
language_wikitext2,0.01,30.0,287.84590949037363,test_perplexity,1,0
language_wikitext2,0.01,100.0,284.3730561940068,test_perplexity,1,0
language_wikitext2,0.01,300.0,267.9510350529586,test_perplexity,1,0
language_wikitext2,0.01,1000.0,261.49876202102945,test_perplexity,1,0
language_wikitext2,0.01,3000.0,258.644558122247,test_perplexity,1,0
language_wikitext2,0.03162,3.0,434.49264728853495,test_perplexity,1,0
language_wikitext2,0.03162,10.0,436.26396070678146,test_perplexity,1,0
language_wikitext2,0.03162,30.0,432.53905274309653,test_perplexity,1,0
language_wikitext2,0.03162,100.0,445.1522859386419,test_perplexity,1,0
language_wikitext2,0.03162,300.0,428.1853153331119,test_perplexity,1,0
language_wikitext2,0.03162,1000.0,413.0971712273795,test_perplexity,1,0
language_wikitext2,0.03162,3000.0,392.7902904428436,test_perplexity,1,0
language_wikitext103,3.162e-05,3.0,309.38039274590915,test_perplexity,1,0
language_wikitext103,3.162e-05,10.0,303.9827531746753,test_perplexity,1,0
language_wikitext103,3.162e-05,30.0,297.7086516707623,test_perplexity,1,0
language_wikitext103,3.162e-05,100.0,290.7881540967133,test_perplexity,1,0
language_wikitext103,3.162e-05,300.0,286.3824452021772,test_perplexity,1,0
language_wikitext103,3.162e-05,1000.0,287.49229600631935,test_perplexity,1,0
language_wikitext103,3.162e-05,3000.0,301.2155450519368,test_perplexity,1,0
language_wikitext103,0.0001,3.0,169.39866549105986,test_perplexity,1,0
language_wikitext103,0.0001,10.0,166.00641698851558,test_perplexity,1,0
language_wikitext103,0.0001,30.0,161.50911338123439,test_perplexity,1,0
language_wikitext103,0.0001,100.0,155.15127613577928,test_perplexity,1,0
language_wikitext103,0.0001,300.0,149.01165016411088,test_perplexity,1,0
language_wikitext103,0.0001,1000.0,143.17001189529248,test_perplexity,1,0
language_wikitext103,0.0001,3000.0,140.43553784266902,test_perplexity,1,0
language_wikitext103,0.0003162,3.0,94.46018022453377,test_perplexity,1,0
language_wikitext103,0.0003162,10.0,94.06148547198816,test_perplexity,1,0
language_wikitext103,0.0003162,30.0,92.3079616701176,test_perplexity,1,0
language_wikitext103,0.0003162,100.0,89.53860613089428,test_perplexity,1,0
language_wikitext103,0.0003162,300.0,86.2240527936803,test_perplexity,1,0
language_wikitext103,0.0003162,1000.0,82.3381984790852,test_perplexity,1,0
language_wikitext103,0.0003162,3000.0,79.2149795954782,test_perplexity,1,0
language_wikitext103,0.001,3.0,77.49072632059644,test_perplexity,1,0
language_wikitext103,0.001,10.0,78.72217797466259,test_perplexity,1,0
language_wikitext103,0.001,30.0,79.11338797547742,test_perplexity,1,0
language_wikitext103,0.001,100.0,74.50235140230204,test_perplexity,1,0
language_wikitext103,0.001,300.0,74.36542735875815,test_perplexity,1,0
language_wikitext103,0.001,1000.0,71.1124661426934,test_perplexity,1,0
language_wikitext103,0.001,3000.0,66.27832159927054,test_perplexity,1,0
language_wikitext103,0.003162,3.0,165.39933765468578,test_perplexity,1,0
language_wikitext103,0.003162,10.0,153.14255166801232,test_perplexity,1,0
language_wikitext103,0.003162,30.0,126.7369990908953,test_perplexity,1,0
language_wikitext103,0.003162,100.0,110.75608131344293,test_perplexity,1,0
language_wikitext103,0.003162,300.0,108.86096594660188,test_perplexity,1,0
language_wikitext103,0.003162,1000.0,100.03582653689577,test_perplexity,1,0
language_wikitext103,0.003162,3000.0,91.90565830717668,test_perplexity,1,0
language_wikitext103,0.01,3.0,306.16358049299,test_perplexity,1,0
language_wikitext103,0.01,10.0,298.07697665217023,test_perplexity,1,0
language_wikitext103,0.01,30.0,289.7417134317414,test_perplexity,1,0
language_wikitext103,0.01,100.0,277.53402839652756,test_perplexity,1,0
language_wikitext103,0.01,300.0,272.25934318419866,test_perplexity,1,0
language_wikitext103,0.01,1000.0,262.10584664747535,test_perplexity,1,0
language_wikitext103,0.01,3000.0,261.1728388662247,test_perplexity,1,0
language_wikitext103,0.03162,3.0,436.6469629405304,test_perplexity,1,0
language_wikitext103,0.03162,10.0,424.4241331701202,test_perplexity,1,0
language_wikitext103,0.03162,30.0,409.9965552913198,test_perplexity,1,0
language_wikitext103,0.03162,100.0,423.17816605587467,test_perplexity,1,0
language_wikitext103,0.03162,300.0,405.87667635095085,test_perplexity,1,0
language_wikitext103,0.03162,1000.0,398.57933762389115,test_perplexity,1,0
language_wikitext103,0.03162,3000.0,374.68908559310034,test_perplexity,1,0
language_wikitext103,3.162e-05,9000.0,334.05844837138505,test_perplexity,1,0
language_wikitext103,3.162e-05,27000.0,392.3378353053343,test_perplexity,1,0
language_wikitext103,0.0001,9000.0,141.81190820808038,test_perplexity,1,0
language_wikitext103,0.0001,27000.0,148.25318560275144,test_perplexity,1,0
language_wikitext103,0.0003162,9000.0,77.05966609767184,test_perplexity,1,0
language_wikitext103,0.0003162,27000.0,77.08766094731082,test_perplexity,1,0
language_wikitext103,0.001,9000.0,63.29947883392636,test_perplexity,1,0
language_wikitext103,0.001,27000.0,61.33672161167971,test_perplexity,1,0
language_wikitext103,0.003162,9000.0,84.63429129390371,test_perplexity,1,0
language_wikitext103,0.003162,27000.0,76.89640083124941,test_perplexity,1,0
language_wikitext103,0.01,9000.0,246.84470130472397,test_perplexity,1,0
language_wikitext103,0.01,27000.0,227.54088513904037,test_perplexity,1,0
language_wikitext103,0.03162,9000.0,378.5645852889715,test_perplexity,1,0
language_wikitext103,0.03162,27000.0,335.2126519626716,test_perplexity,1,0
language_wikitext103,3.162e-05,81000.0,477.7804795723606,test_perplexity,1,0
language_wikitext103,3.162e-05,243000.0,590.7004312967705,test_perplexity,1,0
language_wikitext103,0.0001,81000.0,160.52382752729605,test_perplexity,1,0
language_wikitext103,0.0001,243000.0,177.31407758873254,test_perplexity,1,0
language_wikitext103,0.0003162,81000.0,78.45626195428801,test_perplexity,1,0
language_wikitext103,0.0003162,243000.0,81.64070811388275,test_perplexity,1,0
language_wikitext103,0.001,81000.0,59.86452373282433,test_perplexity,1,0
language_wikitext103,0.001,243000.0,59.17680605520036,test_perplexity,1,1
language_wikitext103,0.003162,81000.0,72.45357137310604,test_perplexity,1,0
language_wikitext103,0.003162,243000.0,68.58784300517917,test_perplexity,1,0
language_wikitext103,0.01,81000.0,243.1543118232611,test_perplexity,1,0
language_wikitext103,0.01,243000.0,226.9570221919011,test_perplexity,1,0
language_wikitext103,0.03162,81000.0,324.3265315715595,test_perplexity,1,0
language_wikitext103,0.03162,243000.0,314.3349785302313,test_perplexity,1,0
language_ptb,3.162e-05,3.0,333.95310314541376,test_perplexity,1,0
language_ptb,3.162e-05,10.0,330.1712550264408,test_perplexity,1,0
language_ptb,3.162e-05,30.0,326.00749323828666,test_perplexity,1,0
language_ptb,3.162e-05,100.0,322.0599560204913,test_perplexity,1,0
language_ptb,3.162e-05,300.0,321.61998352041957,test_perplexity,1,0
language_ptb,3.162e-05,1000.0,333.2539741787856,test_perplexity,1,0
language_ptb,3.162e-05,3000.0,366.1911530028871,test_perplexity,1,0
language_ptb,0.0001,3.0,233.3706271384778,test_perplexity,1,0
language_ptb,0.0001,10.0,235.1475545302155,test_perplexity,1,0
language_ptb,0.0001,30.0,237.61996397484648,test_perplexity,1,0
language_ptb,0.0001,100.0,239.28171603805922,test_perplexity,1,0
language_ptb,0.0001,300.0,243.74717185136498,test_perplexity,1,0
language_ptb,0.0001,1000.0,253.47896120628232,test_perplexity,1,0
language_ptb,0.0001,3000.0,265.5084486117311,test_perplexity,1,0
language_ptb,0.0003162,3.0,196.70845099023464,test_perplexity,1,0
language_ptb,0.0003162,10.0,199.05213877282858,test_perplexity,1,0
language_ptb,0.0003162,30.0,200.20307410422188,test_perplexity,1,0
language_ptb,0.0003162,100.0,204.5126809411903,test_perplexity,1,0
language_ptb,0.0003162,300.0,213.79299841675424,test_perplexity,1,0
language_ptb,0.0003162,1000.0,220.8815683364782,test_perplexity,1,0
language_ptb,0.0003162,3000.0,221.2049928563867,test_perplexity,1,0
language_ptb,0.001,3.0,201.28789006569284,test_perplexity,1,0
language_ptb,0.001,10.0,186.2767081226332,test_perplexity,1,1
language_ptb,0.001,30.0,205.7179518308859,test_perplexity,1,0
language_ptb,0.001,100.0,198.82286649225168,test_perplexity,1,0
language_ptb,0.001,300.0,202.92257449679465,test_perplexity,1,0
language_ptb,0.001,1000.0,207.85120890535669,test_perplexity,1,0
language_ptb,0.001,3000.0,209.74670874949769,test_perplexity,1,0
language_ptb,0.003162,3.0,253.13365123958772,test_perplexity,1,0
language_ptb,0.003162,10.0,250.34890820143428,test_perplexity,1,0
language_ptb,0.003162,30.0,244.9659267464323,test_perplexity,1,0
language_ptb,0.003162,100.0,247.00536342503807,test_perplexity,1,0
language_ptb,0.003162,300.0,246.64334390708123,test_perplexity,1,0
language_ptb,0.003162,1000.0,251.9270129276969,test_perplexity,1,0
language_ptb,0.003162,3000.0,253.80839533547584,test_perplexity,1,0
language_ptb,0.01,3.0,411.53288855950126,test_perplexity,1,0
language_ptb,0.01,10.0,405.1176694917974,test_perplexity,1,0
language_ptb,0.01,30.0,410.8599750903712,test_perplexity,1,0
language_ptb,0.01,100.0,408.12318707492744,test_perplexity,1,0
language_ptb,0.01,300.0,400.6732215870334,test_perplexity,1,0
language_ptb,0.01,1000.0,407.56499502429693,test_perplexity,1,0
language_ptb,0.01,3000.0,402.343683183272,test_perplexity,1,0
language_ptb,0.03162,3.0,658.9397329691119,test_perplexity,1,0
language_ptb,0.03162,10.0,695.0176089790782,test_perplexity,1,0
language_ptb,0.03162,30.0,665.3623418874524,test_perplexity,1,0
language_ptb,0.03162,100.0,736.4067875381587,test_perplexity,1,0
language_ptb,0.03162,300.0,727.1562655639179,test_perplexity,1,0
language_ptb,0.03162,1000.0,732.9662361930294,test_perplexity,1,0
language_ptb,0.03162,3000.0,735.5263834577032,test_perplexity,1,0
language_enwik8,3.162e-05,3.0,9.680676675994937,test_perplexity,1,0
language_enwik8,3.162e-05,10.0,9.279962345863941,test_perplexity,1,0
language_enwik8,3.162e-05,30.0,8.87720085493202,test_perplexity,1,0
language_enwik8,3.162e-05,100.0,8.430887334855454,test_perplexity,1,0
language_enwik8,3.162e-05,300.0,8.10032622892641,test_perplexity,1,0
language_enwik8,3.162e-05,1000.0,7.899321207444998,test_perplexity,1,0
language_enwik8,3.162e-05,3000.0,7.899977027119767,test_perplexity,1,0
language_enwik8,0.0001,3.0,5.720755031492266,test_perplexity,1,0
language_enwik8,0.0001,10.0,5.542331346350059,test_perplexity,1,0
language_enwik8,0.0001,30.0,5.359568291246152,test_perplexity,1,0
language_enwik8,0.0001,100.0,5.141455159329885,test_perplexity,1,0
language_enwik8,0.0001,300.0,4.963812330691636,test_perplexity,1,0
language_enwik8,0.0001,1000.0,4.807062125182167,test_perplexity,1,0
language_enwik8,0.0001,3000.0,4.706645418193226,test_perplexity,1,0
language_enwik8,0.0003162,3.0,4.394844213037224,test_perplexity,1,0
language_enwik8,0.0003162,10.0,4.313410869396836,test_perplexity,1,0
language_enwik8,0.0003162,30.0,4.213009594000089,test_perplexity,1,0
language_enwik8,0.0003162,100.0,4.139193536393255,test_perplexity,1,0
language_enwik8,0.0003162,300.0,4.032560193927836,test_perplexity,1,0
language_enwik8,0.0003162,1000.0,3.956521413123302,test_perplexity,1,0
language_enwik8,0.0003162,3000.0,3.85570160824807,test_perplexity,1,0
language_enwik8,0.001,3.0,4.2257165468253195,test_perplexity,1,0
language_enwik8,0.001,10.0,4.0173530018156445,test_perplexity,1,0
language_enwik8,0.001,30.0,4.017592233994534,test_perplexity,1,0
language_enwik8,0.001,100.0,4.044879322766237,test_perplexity,1,0
language_enwik8,0.001,300.0,3.8717285635986327,test_perplexity,1,0
language_enwik8,0.001,1000.0,3.9438385422664344,test_perplexity,1,0
language_enwik8,0.001,3000.0,3.7603067064694304,test_perplexity,1,0
language_enwik8,0.003162,3.0,12.770262511941928,test_perplexity,1,0
language_enwik8,0.003162,10.0,12.930073683537309,test_perplexity,1,0
language_enwik8,0.003162,30.0,12.695378810008815,test_perplexity,1,0
language_enwik8,0.003162,100.0,12.006252210371692,test_perplexity,1,0
language_enwik8,0.003162,300.0,11.31443147884336,test_perplexity,1,0
language_enwik8,0.003162,1000.0,9.380851919223506,test_perplexity,1,0
language_enwik8,0.003162,3000.0,8.422098105696723,test_perplexity,1,0
language_enwik8,0.01,3.0,15.802742394061378,test_perplexity,1,0
language_enwik8,0.01,10.0,15.14701183101129,test_perplexity,1,0
language_enwik8,0.01,30.0,15.502414583705988,test_perplexity,1,0
language_enwik8,0.01,100.0,17.20907965002423,test_perplexity,1,0
language_enwik8,0.01,300.0,16.512004048909162,test_perplexity,1,0
language_enwik8,0.01,1000.0,16.96322758007258,test_perplexity,1,0
language_enwik8,0.01,3000.0,15.75676293343345,test_perplexity,1,0
language_enwik8,0.03162,3.0,20.481672808602852,test_perplexity,1,0
language_enwik8,0.03162,10.0,19.812397131166215,test_perplexity,1,0
language_enwik8,0.03162,30.0,20.19678749845116,test_perplexity,1,0
language_enwik8,0.03162,100.0,19.97109582023276,test_perplexity,1,0
language_enwik8,0.03162,300.0,20.750170533703148,test_perplexity,1,0
language_enwik8,0.03162,1000.0,20.401292181279807,test_perplexity,1,0
language_enwik8,0.03162,3000.0,19.587352698999826,test_perplexity,1,0
language_enwik8,3.162e-05,9000.0,8.06934539449858,test_perplexity,1,0
language_enwik8,3.162e-05,27000.0,8.443115489150903,test_perplexity,1,0
language_enwik8,0.0001,9000.0,4.665217332685717,test_perplexity,1,0
language_enwik8,0.0001,27000.0,4.676196259140608,test_perplexity,1,0
language_enwik8,0.0003162,9000.0,3.7517222484937753,test_perplexity,1,0
language_enwik8,0.0003162,27000.0,3.7103438146862446,test_perplexity,1,1
language_enwik8,0.001,9000.0,3.73656628852852,test_perplexity,1,0
language_enwik8,0.001,27000.0,3.808894878907402,test_perplexity,1,0
language_enwik8,0.003162,9000.0,6.084142449271988,test_perplexity,1,0
language_enwik8,0.003162,27000.0,5.1185845880260095,test_perplexity,1,0
language_enwik8,0.01,9000.0,15.310896067026993,test_perplexity,1,0
language_enwik8,0.01,27000.0,15.629804420888757,test_perplexity,1,0
language_enwik8,0.03162,9000.0,19.489043338668054,test_perplexity,1,0
language_enwik8,0.03162,27000.0,19.082905859571543,test_perplexity,1,0
language_enwik8,3.162e-05,81000.0,9.112269784890362,test_perplexity,1,0
language_enwik8,3.162e-05,243000.0,10.119196558852298,test_perplexity,1,0
language_enwik8,0.0001,81000.0,4.745183936657583,test_perplexity,1,0
language_enwik8,0.0001,243000.0,4.855760360418875,test_perplexity,1,0
language_enwik8,0.0003162,81000.0,3.6955624504714764,test_perplexity,1,0
language_enwik8,0.0003162,243000.0,3.7010905523865603,test_perplexity,1,0
finance_tech,3.162e-05,3.0,0.0007010416303136304,test_mse,1,0
finance_tech,3.162e-05,10.0,0.000618090087286041,test_mse,1,0
finance_tech,3.162e-05,30.0,0.0006237738723780179,test_mse,1,0
finance_tech,3.162e-05,100.0,0.0006968737518123353,test_mse,1,0
finance_tech,3.162e-05,300.0,0.0007758510128572701,test_mse,1,0
finance_tech,3.162e-05,1000.0,0.0008083792991284034,test_mse,1,0
finance_tech,3.162e-05,3000.0,0.0008161889305165339,test_mse,1,0
finance_tech,0.0001,3.0,0.0005928021052788045,test_mse,1,0
finance_tech,0.0001,10.0,0.0005904321091877054,test_mse,1,0
finance_tech,0.0001,30.0,0.0005818728545300207,test_mse,1,0
finance_tech,0.0001,100.0,0.0006113937346941597,test_mse,1,0
finance_tech,0.0001,300.0,0.0006415555426549532,test_mse,1,0
finance_tech,0.0001,1000.0,0.0006907462125115432,test_mse,1,0
finance_tech,0.0001,3000.0,0.0006989250923025197,test_mse,1,0
finance_tech,0.0003162,3.0,0.0005847624347443921,test_mse,1,0
finance_tech,0.0003162,10.0,0.0005801490826695288,test_mse,1,0
finance_tech,0.0003162,30.0,0.000579408570056885,test_mse,1,0
finance_tech,0.0003162,100.0,0.0005821073007836583,test_mse,1,0
finance_tech,0.0003162,300.0,0.0005784290459807419,test_mse,1,0
finance_tech,0.0003162,1000.0,0.0005705733672377285,test_mse,1,0
finance_tech,0.0003162,3000.0,0.0005591238209043954,test_mse,1,0
finance_tech,0.001,3.0,0.000560104016916189,test_mse,1,0
finance_tech,0.001,10.0,0.0005621723139001457,test_mse,1,0
finance_tech,0.001,30.0,0.0005652613206630677,test_mse,1,0
finance_tech,0.001,100.0,0.0005695079144495553,test_mse,1,0
finance_tech,0.001,300.0,0.0005666073263482011,test_mse,1,0
finance_tech,0.001,1000.0,0.0005806604652253008,test_mse,1,0
finance_tech,0.001,3000.0,0.0006050323815497543,test_mse,1,0
finance_tech,0.003162,3.0,0.0005488980867818434,test_mse,1,0
finance_tech,0.003162,10.0,0.0005458369851112366,test_mse,1,0
finance_tech,0.003162,30.0,0.0005501492507261686,test_mse,1,0
finance_tech,0.003162,100.0,0.0005579834472911743,test_mse,1,0
finance_tech,0.003162,300.0,0.0005437808620202447,test_mse,1,0
finance_tech,0.003162,1000.0,0.0005406791082427735,test_mse,1,0
finance_tech,0.003162,3000.0,0.0005470400858937271,test_mse,1,0
finance_tech,0.01,3.0,0.0005429787882443132,test_mse,1,0
finance_tech,0.01,10.0,0.0005397122323671133,test_mse,1,0
finance_tech,0.01,30.0,0.0005397052758568477,test_mse,1,0
finance_tech,0.01,100.0,0.0005403740296945648,test_mse,1,0
finance_tech,0.01,300.0,0.0005407355903630548,test_mse,1,0
finance_tech,0.01,1000.0,0.0005396763430982433,test_mse,1,0
finance_tech,0.01,3000.0,0.0005431097168821238,test_mse,1,0
finance_tech,0.03162,3.0,0.0005414329212287377,test_mse,1,0
finance_tech,0.03162,10.0,0.0005448026785167522,test_mse,1,0
finance_tech,0.03162,30.0,0.0005452016897163593,test_mse,1,0
finance_tech,0.03162,100.0,0.0005461396130706018,test_mse,1,0
finance_tech,0.03162,300.0,0.0005435456647797036,test_mse,1,0
finance_tech,0.03162,1000.0,0.0005411453920586988,test_mse,1,0
finance_tech,0.03162,3000.0,0.0005382634402902436,test_mse,1,0
finance_tech,0.09999,3.0,0.0005385421947711976,test_mse,1,0
finance_tech,0.09999,10.0,0.0005371494895583438,test_mse,1,1
finance_tech,0.09999,30.0,0.0005397834575460824,test_mse,1,0
finance_tech,0.09999,100.0,0.000538026187717124,test_mse,1,0
finance_tech,0.09999,300.0,0.0005377377692204887,test_mse,1,0
finance_tech,0.09999,1000.0,0.0005371960705091846,test_mse,1,0
finance_tech,0.09999,3000.0,0.0005469333271765266,test_mse,1,0
finance_tech,0.3162,3.0,0.0005404010454602836,test_mse,1,0
finance_tech,0.3162,10.0,0.0006137303711564852,test_mse,1,0
finance_tech,0.3162,30.0,0.0005394959481388568,test_mse,1,0
finance_tech,0.3162,100.0,0.0005399009869965065,test_mse,1,0
finance_tech,0.3162,300.0,0.000541190609375425,test_mse,1,0
finance_tech,0.3162,1000.0,0.0005395765804169349,test_mse,1,0
finance_tech,0.3162,3000.0,0.0006543188812878152,test_mse,1,0
finance_finance,3.162e-05,3.0,0.0005137044491755235,test_mse,1,0
finance_finance,3.162e-05,10.0,0.0004923640100646082,test_mse,1,0
finance_finance,3.162e-05,30.0,0.00047265673031541335,test_mse,1,0
finance_finance,3.162e-05,100.0,0.0004551931622806215,test_mse,1,0
finance_finance,3.162e-05,300.0,0.00043834996871669983,test_mse,1,0
finance_finance,3.162e-05,1000.0,0.0004224899751121865,test_mse,1,0
finance_finance,3.162e-05,3000.0,0.00041854820295733543,test_mse,1,0
finance_finance,0.0001,3.0,0.00037826807176402774,test_mse,1,0
finance_finance,0.0001,10.0,0.00039108631149211044,test_mse,1,0
finance_finance,0.0001,30.0,0.0003779513726816253,test_mse,1,0
finance_finance,0.0001,100.0,0.00037793730155858817,test_mse,1,0
finance_finance,0.0001,300.0,0.0003796164489867517,test_mse,1,0
finance_finance,0.0001,1000.0,0.0003778606416059742,test_mse,1,0
finance_finance,0.0001,3000.0,0.00038230806510075333,test_mse,1,0
finance_finance,0.0003162,3.0,0.00037235124357815443,test_mse,1,0
finance_finance,0.0003162,10.0,0.00037248153980594097,test_mse,1,0
finance_finance,0.0003162,30.0,0.00037210802263543206,test_mse,1,0
finance_finance,0.0003162,100.0,0.0003705865429314125,test_mse,1,0
finance_finance,0.0003162,300.0,0.0003688421979823226,test_mse,1,0
finance_finance,0.0003162,1000.0,0.00036697362398911535,test_mse,1,0
finance_finance,0.0003162,3000.0,0.00037616550606188784,test_mse,1,0
finance_finance,0.001,3.0,0.0003662774788922277,test_mse,1,0
finance_finance,0.001,10.0,0.0003649404850499383,test_mse,1,0
finance_finance,0.001,30.0,0.0003637780363743122,test_mse,1,0
finance_finance,0.001,100.0,0.00036536540529772207,test_mse,1,0
finance_finance,0.001,300.0,0.000364944655003535,test_mse,1,0
finance_finance,0.001,1000.0,0.0003630858636028887,test_mse,1,0
finance_finance,0.001,3000.0,0.00036411404372526415,test_mse,1,0
finance_finance,0.003162,3.0,0.00036421550600851247,test_mse,1,0
finance_finance,0.003162,10.0,0.000363885289161844,test_mse,1,0
finance_finance,0.003162,30.0,0.00036389971601551976,test_mse,1,0
finance_finance,0.003162,100.0,0.0003647573232966962,test_mse,1,0
finance_finance,0.003162,300.0,0.00036396210721696405,test_mse,1,0
finance_finance,0.003162,1000.0,0.00036388845121196475,test_mse,1,0
finance_finance,0.003162,3000.0,0.0003640915141181541,test_mse,1,0
finance_finance,0.01,3.0,0.0003648806827770304,test_mse,1,0
finance_finance,0.01,10.0,0.0003641522057176585,test_mse,1,0
finance_finance,0.01,30.0,0.0003646837858685764,test_mse,1,0
finance_finance,0.01,100.0,0.00036419173134416734,test_mse,1,0
finance_finance,0.01,300.0,0.0003635525031494525,test_mse,1,0
finance_finance,0.01,1000.0,0.0003635820880808944,test_mse,1,0
finance_finance,0.01,3000.0,0.0003627575637491059,test_mse,1,0
finance_finance,0.03162,3.0,0.00036638973167151293,test_mse,1,0
finance_finance,0.03162,10.0,0.0003665962925956483,test_mse,1,0
finance_finance,0.03162,30.0,0.0003673489395756304,test_mse,1,0
finance_finance,0.03162,100.0,0.0003674911725426226,test_mse,1,0
finance_finance,0.03162,300.0,0.000367165916162081,test_mse,1,0
finance_finance,0.03162,1000.0,0.0003685197874468897,test_mse,1,0
finance_finance,0.03162,3000.0,0.00036740795133600817,test_mse,1,0
finance_finance,3.162e-05,9000.0,0.00042107707230418684,test_mse,1,0
finance_finance,3.162e-05,27000.0,0.0004556985962296038,test_mse,1,0
finance_finance,0.0001,9000.0,0.0003901210956927636,test_mse,1,0
finance_finance,0.0001,27000.0,0.00040110406176797274,test_mse,1,0
finance_finance,0.0003162,9000.0,0.00036528281650113177,test_mse,1,0
finance_finance,0.0003162,27000.0,0.0003655302073974508,test_mse,1,0
finance_finance,0.001,9000.0,0.0003641839843213716,test_mse,1,0
finance_finance,0.001,27000.0,0.0003659847323394897,test_mse,1,0
finance_finance,0.003162,9000.0,0.00036362748326293986,test_mse,1,0
finance_finance,0.003162,27000.0,0.00036486730335245714,test_mse,1,0
finance_finance,0.01,9000.0,0.0003625343032477705,test_mse,1,1
finance_finance,0.01,27000.0,0.00036331299761562197,test_mse,1,0
finance_finance,0.03162,9000.0,0.0003669005608685137,test_mse,1,0
finance_finance,0.03162,27000.0,0.0003666143953325894,test_mse,1,0
finance_healthcare,3.162e-05,3.0,0.0003890328563809079,test_mse,1,0
finance_healthcare,3.162e-05,10.0,0.00039801432378096035,test_mse,1,0
finance_healthcare,3.162e-05,30.0,0.0004067019774363591,test_mse,1,0
finance_healthcare,3.162e-05,100.0,0.00041943764813066474,test_mse,1,0
finance_healthcare,3.162e-05,300.0,0.00043821856577137103,test_mse,1,0
finance_healthcare,3.162e-05,1000.0,0.00045748580672064253,test_mse,1,0
finance_healthcare,3.162e-05,3000.0,0.000466478914417702,test_mse,1,0
finance_healthcare,0.0001,3.0,0.0002790429396983651,test_mse,1,0
finance_healthcare,0.0001,10.0,0.00028394187479859073,test_mse,1,0
finance_healthcare,0.0001,30.0,0.000289965510911726,test_mse,1,0
finance_healthcare,0.0001,100.0,0.00029386059401117814,test_mse,1,0
finance_healthcare,0.0001,300.0,0.00029359795449583224,test_mse,1,0
finance_healthcare,0.0001,1000.0,0.0003045279562315195,test_mse,1,0
finance_healthcare,0.0001,3000.0,0.0003188349484448724,test_mse,1,0
finance_healthcare,0.0003162,3.0,0.0002529297607014603,test_mse,1,0
finance_healthcare,0.0003162,10.0,0.0002514371347047922,test_mse,1,0
finance_healthcare,0.0003162,30.0,0.0002492455968173809,test_mse,1,0
finance_healthcare,0.0003162,100.0,0.0002468674584472211,test_mse,1,0
finance_healthcare,0.0003162,300.0,0.00024523793544313954,test_mse,1,0
finance_healthcare,0.0003162,1000.0,0.00024336975670619733,test_mse,1,0
finance_healthcare,0.0003162,3000.0,0.0002416065975588892,test_mse,1,0
finance_healthcare,0.001,3.0,0.000245031325111971,test_mse,1,0
finance_healthcare,0.001,10.0,0.00024315202979257315,test_mse,1,0
finance_healthcare,0.001,30.0,0.00024320712851592653,test_mse,1,0
finance_healthcare,0.001,100.0,0.000244693143851561,test_mse,1,0
finance_healthcare,0.001,300.0,0.00024173270407026578,test_mse,1,0
finance_healthcare,0.001,1000.0,0.00024026576973082848,test_mse,1,0
finance_healthcare,0.001,3000.0,0.00024104543247652937,test_mse,1,0
finance_healthcare,0.003162,3.0,0.00024287836423603231,test_mse,1,0
finance_healthcare,0.003162,10.0,0.00024227852332813355,test_mse,1,0
finance_healthcare,0.003162,30.0,0.00024049456381987512,test_mse,1,0
finance_healthcare,0.003162,100.0,0.00024002933731445897,test_mse,1,0
finance_healthcare,0.003162,300.0,0.00023918183871226222,test_mse,1,0
finance_healthcare,0.003162,1000.0,0.000238391316300678,test_mse,1,0
finance_healthcare,0.003162,3000.0,0.00023776226595478918,test_mse,1,0
finance_healthcare,0.01,3.0,0.0002397343081567901,test_mse,1,0
finance_healthcare,0.01,10.0,0.00023952243103588923,test_mse,1,0
finance_healthcare,0.01,30.0,0.00023876504098072608,test_mse,1,0
finance_healthcare,0.01,100.0,0.00023948758919612167,test_mse,1,0
finance_healthcare,0.01,300.0,0.0002388919577674461,test_mse,1,0
finance_healthcare,0.01,1000.0,0.00023874830187789958,test_mse,1,0
finance_healthcare,0.01,3000.0,0.00023791002262808601,test_mse,1,0
finance_healthcare,0.03162,3.0,0.00024111517544450433,test_mse,1,0
finance_healthcare,0.03162,10.0,0.00024283489592827917,test_mse,1,0
finance_healthcare,0.03162,30.0,0.00024097892072852156,test_mse,1,0
finance_healthcare,0.03162,100.0,0.00024286163501461243,test_mse,1,0
finance_healthcare,0.03162,300.0,0.00024038766676298188,test_mse,1,0
finance_healthcare,0.03162,1000.0,0.00023772278973531344,test_mse,1,1
finance_healthcare,0.03162,3000.0,0.00024009934708041285,test_mse,1,0
finance_healthcare,0.09999,3.0,0.00023837767995953243,test_mse,1,0
finance_healthcare,0.09999,10.0,0.00023917873595058129,test_mse,1,0
finance_healthcare,0.09999,30.0,0.00023869292647516063,test_mse,1,0
finance_healthcare,0.09999,100.0,0.000239775661843525,test_mse,1,0
finance_healthcare,0.09999,300.0,0.00023906462546685012,test_mse,1,0
finance_healthcare,0.09999,1000.0,0.00023981209458975958,test_mse,1,0
finance_healthcare,0.09999,3000.0,0.00023918744146981987,test_mse,1,0
finance_healthcare,0.3162,3.0,0.00023921116672713183,test_mse,1,0
finance_healthcare,0.3162,10.0,0.00023947726312619622,test_mse,1,0
finance_healthcare,0.3162,30.0,0.00023929244129664067,test_mse,1,0
finance_healthcare,0.3162,100.0,0.00023952030653346437,test_mse,1,0
finance_healthcare,0.3162,300.0,0.0002392920855660021,test_mse,1,0
finance_healthcare,0.3162,1000.0,0.00023924613702518553,test_mse,1,0
finance_healthcare,0.3162,3000.0,0.0002392272833013408,test_mse,1,0
finance_consumer_industrials,3.162e-05,3.0,0.0004504274191527531,test_mse,1,0
finance_consumer_industrials,3.162e-05,10.0,0.00042227732724156873,test_mse,1,0
finance_consumer_industrials,3.162e-05,30.0,0.00041211271950041266,test_mse,1,0
finance_consumer_industrials,3.162e-05,100.0,0.0004169682055632695,test_mse,1,0
finance_consumer_industrials,3.162e-05,300.0,0.00041658383860828394,test_mse,1,0
finance_consumer_industrials,3.162e-05,1000.0,0.00041273827182835546,test_mse,1,0
finance_consumer_industrials,3.162e-05,3000.0,0.00041750494380844683,test_mse,1,0
finance_consumer_industrials,0.0001,3.0,0.00042350424221403084,test_mse,1,0
finance_consumer_industrials,0.0001,10.0,0.00042403775912064774,test_mse,1,0
finance_consumer_industrials,0.0001,30.0,0.0004248163942000594,test_mse,1,0
finance_consumer_industrials,0.0001,100.0,0.0004243413356950492,test_mse,1,0
finance_consumer_industrials,0.0001,300.0,0.00042423732400889106,test_mse,1,0
finance_consumer_industrials,0.0001,1000.0,0.0004244665726426426,test_mse,1,0
finance_consumer_industrials,0.0001,3000.0,0.0004249752674558118,test_mse,1,0
finance_consumer_industrials,0.0003162,3.0,0.0003975259253770034,test_mse,1,0
finance_consumer_industrials,0.0003162,10.0,0.00039599677770144114,test_mse,1,0
finance_consumer_industrials,0.0003162,30.0,0.00039233581536012236,test_mse,1,0
finance_consumer_industrials,0.0003162,100.0,0.00038659007384859285,test_mse,1,0
finance_consumer_industrials,0.0003162,300.0,0.0003820256149737209,test_mse,1,0
finance_consumer_industrials,0.0003162,1000.0,0.00037780769702926555,test_mse,1,0
finance_consumer_industrials,0.0003162,3000.0,0.0003756370286726509,test_mse,1,0
finance_consumer_industrials,0.001,3.0,0.0003790099480107861,test_mse,1,0
finance_consumer_industrials,0.001,10.0,0.00037896020500982467,test_mse,1,0
finance_consumer_industrials,0.001,30.0,0.00037817787428433443,test_mse,1,0
finance_consumer_industrials,0.001,100.0,0.00037677372640260653,test_mse,1,0
finance_consumer_industrials,0.001,300.0,0.0003758675223636374,test_mse,1,0
finance_consumer_industrials,0.001,1000.0,0.00037291871299794245,test_mse,1,0
finance_consumer_industrials,0.001,3000.0,0.0003744188686264604,test_mse,1,0
finance_consumer_industrials,0.003162,3.0,0.0003756930167226007,test_mse,1,0
finance_consumer_industrials,0.003162,10.0,0.00037261284393720346,test_mse,1,0
finance_consumer_industrials,0.003162,30.0,0.0003721495443060797,test_mse,1,0
finance_consumer_industrials,0.003162,100.0,0.0003689364073131066,test_mse,1,0
finance_consumer_industrials,0.003162,300.0,0.0003701311286627772,test_mse,1,0
finance_consumer_industrials,0.003162,1000.0,0.000368505597746973,test_mse,1,0
finance_consumer_industrials,0.003162,3000.0,0.00036868320614969065,test_mse,1,0
finance_consumer_industrials,0.01,3.0,0.0003623689675520839,test_mse,1,0
finance_consumer_industrials,0.01,10.0,0.0003656547427651737,test_mse,1,0
finance_consumer_industrials,0.01,30.0,0.00036406625724281496,test_mse,1,0
finance_consumer_industrials,0.01,100.0,0.00036146936429274176,test_mse,1,0
finance_consumer_industrials,0.01,300.0,0.00036583896182892494,test_mse,1,0
finance_consumer_industrials,0.01,1000.0,0.000364436642007423,test_mse,1,0
finance_consumer_industrials,0.01,3000.0,0.0003668293455709513,test_mse,1,0
finance_consumer_industrials,0.03162,3.0,0.00036213431378890725,test_mse,1,0
finance_consumer_industrials,0.03162,10.0,0.0003647976789613618,test_mse,1,0
finance_consumer_industrials,0.03162,30.0,0.00036002509790010733,test_mse,1,0
finance_consumer_industrials,0.03162,100.0,0.0003610789103912738,test_mse,1,0
finance_consumer_industrials,0.03162,300.0,0.0003575026514675636,test_mse,1,1
finance_consumer_industrials,0.03162,1000.0,0.00036148841564471903,test_mse,1,0
finance_consumer_industrials,0.03162,3000.0,0.00036328994429396066,test_mse,1,0
finance_consumer_industrials,0.09999,3.0,0.00036301371945310335,test_mse,1,0
finance_consumer_industrials,0.09999,10.0,0.0003631814760934137,test_mse,1,0
finance_consumer_industrials,0.09999,30.0,0.00036336015168804707,test_mse,1,0
finance_consumer_industrials,0.09999,100.0,0.00036363108009495216,test_mse,1,0
finance_consumer_industrials,0.09999,300.0,0.0003635741137857462,test_mse,1,0
finance_consumer_industrials,0.09999,1000.0,0.0003634365053170556,test_mse,1,0
finance_consumer_industrials,0.09999,3000.0,0.0003629948360850387,test_mse,1,0
finance_consumer_industrials,0.3162,3.0,0.0003636904377045619,test_mse,1,0
finance_consumer_industrials,0.3162,10.0,0.0003638860796743742,test_mse,1,0
finance_consumer_industrials,0.3162,30.0,0.0003642664347782692,test_mse,1,0
finance_consumer_industrials,0.3162,100.0,0.0003635065546086359,test_mse,1,0
finance_consumer_industrials,0.3162,300.0,0.00036365760179033965,test_mse,1,0
finance_consumer_industrials,0.3162,1000.0,0.00036377278934739317,test_mse,1,0
finance_consumer_industrials,0.3162,3000.0,0.0004069427280274247,test_mse,1,0
vision_tinyimagenet,3.162e-05,3.0,6.2,test_top1_acc,0,0
vision_tinyimagenet,3.162e-05,10.0,6.19,test_top1_acc,0,0
vision_tinyimagenet,3.162e-05,30.0,6.35,test_top1_acc,0,0
vision_tinyimagenet,3.162e-05,100.0,6.37,test_top1_acc,0,0
vision_tinyimagenet,3.162e-05,300.0,6.34,test_top1_acc,0,0
vision_tinyimagenet,3.162e-05,1000.0,6.25,test_top1_acc,0,0
vision_tinyimagenet,3.162e-05,3000.0,6.05,test_top1_acc,0,0
vision_tinyimagenet,0.0001,3.0,14.12,test_top1_acc,0,0
vision_tinyimagenet,0.0001,10.0,13.51,test_top1_acc,0,0
vision_tinyimagenet,0.0001,30.0,13.03,test_top1_acc,0,0
vision_tinyimagenet,0.0001,100.0,12.36,test_top1_acc,0,0
vision_tinyimagenet,0.0001,300.0,11.61,test_top1_acc,0,0
vision_tinyimagenet,0.0001,1000.0,11.08,test_top1_acc,0,0
vision_tinyimagenet,0.0001,3000.0,10.17,test_top1_acc,0,0
vision_tinyimagenet,0.0003162,3.0,23.13,test_top1_acc,0,0
vision_tinyimagenet,0.0003162,10.0,22.33,test_top1_acc,0,0
vision_tinyimagenet,0.0003162,30.0,21.77,test_top1_acc,0,0
vision_tinyimagenet,0.0003162,100.0,21.22,test_top1_acc,0,0
vision_tinyimagenet,0.0003162,300.0,20.77,test_top1_acc,0,0
vision_tinyimagenet,0.0003162,1000.0,19.98,test_top1_acc,0,0
vision_tinyimagenet,0.0003162,3000.0,19.31,test_top1_acc,0,0
vision_tinyimagenet,0.001,3.0,30.0,test_top1_acc,0,0
vision_tinyimagenet,0.001,10.0,29.63,test_top1_acc,0,0
vision_tinyimagenet,0.001,30.0,28.84,test_top1_acc,0,0
vision_tinyimagenet,0.001,100.0,28.63,test_top1_acc,0,0
vision_tinyimagenet,0.001,300.0,28.58,test_top1_acc,0,0
vision_tinyimagenet,0.001,1000.0,28.27,test_top1_acc,0,0
vision_tinyimagenet,0.001,3000.0,27.68,test_top1_acc,0,0
vision_tinyimagenet,0.003162,3.0,34.16,test_top1_acc,0,0
vision_tinyimagenet,0.003162,10.0,33.88,test_top1_acc,0,0
vision_tinyimagenet,0.003162,30.0,33.82,test_top1_acc,0,0
vision_tinyimagenet,0.003162,100.0,34.21,test_top1_acc,0,0
vision_tinyimagenet,0.003162,300.0,34.25,test_top1_acc,0,0
vision_tinyimagenet,0.003162,1000.0,33.65,test_top1_acc,0,0
vision_tinyimagenet,0.003162,3000.0,34.03,test_top1_acc,0,0
vision_tinyimagenet,0.01,3.0,34.47,test_top1_acc,0,0
vision_tinyimagenet,0.01,10.0,34.82,test_top1_acc,0,0
vision_tinyimagenet,0.01,30.0,34.96,test_top1_acc,0,0
vision_tinyimagenet,0.01,100.0,35.89,test_top1_acc,0,0
vision_tinyimagenet,0.01,300.0,36.69,test_top1_acc,0,0
vision_tinyimagenet,0.01,1000.0,36.85,test_top1_acc,0,0
vision_tinyimagenet,0.01,3000.0,37.55,test_top1_acc,0,1
vision_tinyimagenet,0.03162,3.0,28.71,test_top1_acc,0,0
vision_tinyimagenet,0.03162,10.0,29.72,test_top1_acc,0,0
vision_tinyimagenet,0.03162,30.0,30.52,test_top1_acc,0,0
vision_tinyimagenet,0.03162,100.0,31.45,test_top1_acc,0,0
vision_tinyimagenet,0.03162,300.0,32.76,test_top1_acc,0,0
vision_tinyimagenet,0.03162,1000.0,33.18,test_top1_acc,0,0
vision_tinyimagenet,0.03162,3000.0,33.91,test_top1_acc,0,0
vision_tinyimagenet,3.162e-05,9000.0,5.91,test_top1_acc,0,0
vision_tinyimagenet,3.162e-05,27000.0,5.55,test_top1_acc,0,0
vision_tinyimagenet,0.0001,9000.0,9.2,test_top1_acc,0,0
vision_tinyimagenet,0.0001,27000.0,8.49,test_top1_acc,0,0
vision_tinyimagenet,0.0003162,9000.0,18.21,test_top1_acc,0,0
vision_tinyimagenet,0.0003162,27000.0,17.23,test_top1_acc,0,0
vision_tinyimagenet,0.001,9000.0,27.08,test_top1_acc,0,0
vision_tinyimagenet,0.001,27000.0,26.29,test_top1_acc,0,0
vision_tinyimagenet,0.003162,9000.0,33.31,test_top1_acc,0,0
vision_tinyimagenet,0.003162,27000.0,33.25,test_top1_acc,0,0
vision_tinyimagenet,0.01,9000.0,36.95,test_top1_acc,0,0
vision_tinyimagenet,0.01,27000.0,36.03,test_top1_acc,0,0
vision_tinyimagenet,0.03162,9000.0,34.84,test_top1_acc,0,0
vision_tinyimagenet,0.03162,27000.0,35.3,test_top1_acc,0,0
language_openwebtext,3.162e-05,3.0,526.4233385296086,test_perplexity,1,0
language_openwebtext,3.162e-05,10.0,523.0856851768307,test_perplexity,1,0
language_openwebtext,3.162e-05,30.0,515.4390954784413,test_perplexity,1,0
language_openwebtext,3.162e-05,100.0,504.90401129927744,test_perplexity,1,0
language_openwebtext,3.162e-05,300.0,498.2905111211329,test_perplexity,1,0
language_openwebtext,3.162e-05,1000.0,501.63993781219364,test_perplexity,1,0
language_openwebtext,3.162e-05,3000.0,520.8325788368946,test_perplexity,1,0
language_openwebtext,0.0001,3.0,276.9593998799213,test_perplexity,1,0
language_openwebtext,0.0001,10.0,277.72116150132933,test_perplexity,1,0
language_openwebtext,0.0001,30.0,276.1716503283077,test_perplexity,1,0
language_openwebtext,0.0001,100.0,272.40844349959315,test_perplexity,1,0
language_openwebtext,0.0001,300.0,266.9972561335112,test_perplexity,1,0
language_openwebtext,0.0001,1000.0,260.13967687030606,test_perplexity,1,0
language_openwebtext,0.0001,3000.0,257.3386243306275,test_perplexity,1,0
language_openwebtext,0.0003162,3.0,151.5444512311671,test_perplexity,1,0
language_openwebtext,0.0003162,10.0,153.95593446820737,test_perplexity,1,0
language_openwebtext,0.0003162,30.0,154.699021822661,test_perplexity,1,0
language_openwebtext,0.0003162,100.0,152.55826322889928,test_perplexity,1,0
language_openwebtext,0.0003162,300.0,150.65198230849882,test_perplexity,1,0
language_openwebtext,0.0003162,1000.0,145.03861473746494,test_perplexity,1,0
language_openwebtext,0.0003162,3000.0,142.32546312478053,test_perplexity,1,0
language_openwebtext,0.001,3.0,134.3058458791665,test_perplexity,1,0
language_openwebtext,0.001,10.0,137.45334037252482,test_perplexity,1,0
language_openwebtext,0.001,30.0,142.53429824200748,test_perplexity,1,0
language_openwebtext,0.001,100.0,131.39497394786866,test_perplexity,1,0
language_openwebtext,0.001,300.0,128.2276009164358,test_perplexity,1,0
language_openwebtext,0.001,1000.0,124.42158534257935,test_perplexity,1,0
language_openwebtext,0.001,3000.0,120.12361083123034,test_perplexity,1,0
language_openwebtext,0.003162,3.0,292.6163364537178,test_perplexity,1,0
language_openwebtext,0.003162,10.0,341.8508202203523,test_perplexity,1,0
language_openwebtext,0.003162,30.0,260.31175562630267,test_perplexity,1,0
language_openwebtext,0.003162,100.0,303.34002688180766,test_perplexity,1,0
language_openwebtext,0.003162,300.0,300.53956530216544,test_perplexity,1,0
language_openwebtext,0.003162,1000.0,437.3128622683478,test_perplexity,1,0
language_openwebtext,0.003162,3000.0,479.316050773242,test_perplexity,1,0
language_openwebtext,0.01,3.0,828.9377390685462,test_perplexity,1,0
language_openwebtext,0.01,10.0,842.1156343515609,test_perplexity,1,0
language_openwebtext,0.01,30.0,871.3592189813406,test_perplexity,1,0
language_openwebtext,0.01,100.0,814.4751520865098,test_perplexity,1,0
language_openwebtext,0.01,300.0,803.9742804529145,test_perplexity,1,0
language_openwebtext,0.01,1000.0,800.5853114464004,test_perplexity,1,0
language_openwebtext,0.01,3000.0,880.0793899128691,test_perplexity,1,0
language_openwebtext,0.03162,3.0,1177.9170821480861,test_perplexity,1,0
language_openwebtext,0.03162,10.0,1152.4880301062035,test_perplexity,1,0
language_openwebtext,0.03162,30.0,1290.67771217547,test_perplexity,1,0
language_openwebtext,0.03162,100.0,1226.7326148223804,test_perplexity,1,0
language_openwebtext,0.03162,300.0,1184.303350699696,test_perplexity,1,0
language_openwebtext,0.03162,1000.0,1198.5757970833338,test_perplexity,1,0
language_openwebtext,0.03162,3000.0,1204.3232539752262,test_perplexity,1,0
language_openwebtext,3.162e-05,9000.0,567.2976788993742,test_perplexity,1,0
language_openwebtext,3.162e-05,27000.0,650.603464263876,test_perplexity,1,0
language_openwebtext,0.0001,9000.0,258.6377958990866,test_perplexity,1,0
language_openwebtext,0.0001,27000.0,267.8369717636217,test_perplexity,1,0
language_openwebtext,0.0003162,9000.0,142.24285832798788,test_perplexity,1,0
language_openwebtext,0.0003162,27000.0,142.6685098942741,test_perplexity,1,0
language_openwebtext,0.001,9000.0,119.4042869483719,test_perplexity,1,0
language_openwebtext,0.001,27000.0,116.94732747835741,test_perplexity,1,1
language_openwebtext,0.003162,9000.0,487.1926014682854,test_perplexity,1,0
language_openwebtext,0.003162,27000.0,411.2073786581914,test_perplexity,1,0
language_openwebtext,0.01,9000.0,786.3815399375684,test_perplexity,1,0
language_openwebtext,0.01,27000.0,767.3764886148452,test_perplexity,1,0
language_openwebtext,0.03162,9000.0,1204.1995759392587,test_perplexity,1,0
language_openwebtext,0.03162,27000.0,1122.2335968578843,test_perplexity,1,0
