label,opt,unit,seed,lr_used,knob_used,primary,best_val_primary,diverged,fail_reason,reused_from_main,steps_run,wall_s,sec_per_step,mean_step_size,clip_freq,peak_mem_mb,steps_to_90pct_best,frac_budget_to_90pct_best,final_train_loss,gen_gap_loss,auc_val_curve,update_weight_ratio,update_cos_sim_sampled,grad_norm_mean,grad_norm_p95,weight_norm_growth,throughput_samples_per_s,flops_per_step_est,hess_trace,hess_top_eig,eviekf_cos_mean,eviekf_cos_min,eviekf_b_simple_mean,eviekf_eff_rank_mean,eviekf_gain_lo_min,eviekf_gain_hi_max,eviekf_n_active_steps,top5,test_loss,ece
small,AdamW,full,42,0.01,,80.85,81.16,False,,,10000,573.5604634284973,0.05735604634284973,0.0015955870207401681,0.006,310.8984375,4000,0.4,1.7729500996210845e-05,1.6137125990588792,78.44684210526316,0.003824799069243447,0.003743664444231327,0.2295530646215164,0.6510253876447671,16.553738969282197,2231.6740459213515,106075914240.0,nan,nan,nan,nan,nan,nan,nan,nan,0,98.84,1.6137303285598754,0.1582236210346222
small,AdamW,full,43,0.01,,80.3,81.4,False,,,10000,573.3377914428711,0.05733377914428711,0.0015839651224353593,0.0072,310.8984375,5000,0.5,2.5006075702549424e-05,1.569317842129864,78.23684210526316,0.0038059831441598717,0.009161037997015791,0.22615322446352437,0.6363880157470703,16.499079280733696,2232.5407798057954,106075914240.0,nan,nan,nan,nan,nan,nan,nan,nan,0,98.78,1.5693428482055665,0.15863642612397671
small,AdamW,full,44,0.01,,80.53,81.42,False,,,10000,572.9194016456604,0.05729194016456604,0.0015477563979596075,0.0212,310.8984375,4500,0.45,2.378231465627323e-05,1.603480538020732,78.02631578947368,0.0037960070786344766,-0.005127538644888784,0.27364733981204337,0.8027289718389505,16.700972522719535,2234.1711527368648,106075914240.0,nan,nan,nan,nan,nan,nan,nan,nan,0,98.97,1.6035043203353883,0.1591577100366354
small,AdaBelief,full,42,0.01,,80.75,82.32,False,,,10000,619.747960805893,0.0619747960805893,0.00178266622816076,0.0026,310.8984375,6000,0.6,2.0879085695924005e-05,1.6118076313894627,78.92263157894737,0.004083784193424476,0.004074998320004426,0.22091738138885775,0.6123621851205826,17.80693113895936,2065.3557267627702,106075914240.0,nan,nan,nan,nan,nan,nan,nan,nan,0,98.79,1.6118285104751586,0.15931903063952924
small,AdaBelief,full,43,0.01,,79.99,81.12,False,,,10000,619.7524862289429,0.06197524862289429,0.001750264122968516,0.0045,310.8984375,6000,0.6,1.5048240584292216e-05,1.739160033775407,78.11736842105263,0.00404523347562245,-0.008766452137493701,0.22642577414387124,0.6207439333200454,17.98848891339145,2065.340645567261,106075914240.0,nan,nan,nan,nan,nan,nan,nan,nan,0,98.6,1.7391750820159912,0.16491520445346833
small,AdaBelief,full,44,0.01,,79.32,80.12,False,,,10000,619.6001374721527,0.06196001374721527,0.0016956142673887893,0.0154,310.8984375,4500,0.45,4.4725637053488754e-05,1.682913118143464,76.83894736842105,0.003977035787113757,0.000947041200002637,0.24612025706406931,0.7312955915927877,18.111936482611203,2065.848476441838,106075914240.0,nan,nan,nan,nan,nan,nan,nan,nan,0,98.61,1.6829578437805175,0.1689679498910904
small,EvieKF,full,42,0.03162,3000.0,81.25,82.08,False,,,10000,1115.4569187164307,0.11154569187164307,0.007998008639203904,0.0224,349.5341796875,4500,0.45,2.4843798200890888e-05,1.4549542264837816,79.57,0.007423068835565162,0.005144799194530583,0.32373061645665147,0.878173479437828,81.10100105611589,1147.5118209611458,106075914240.0,nan,nan,0.6488118576428046,0.5541578298476876,15.68319611346142,16463.765546826526,0.008221268653869629,1.0,9980,98.84,1.4549790702819825,0.15209547650516034
small,EvieKF,full,43,0.03162,3000.0,81.17,81.9,False,,,10000,1115.689789056778,0.1115689789056778,0.008064295389988794,0.0046,349.5341796875,6000,0.6,3.435334474488627e-05,1.4336369341918762,79.70210526315789,0.0072408470639207575,0.0015670160967132583,0.286155338495248,0.7670705795288085,82.54062558101903,1147.272308624544,106075914240.0,nan,nan,0.6568820975195022,0.5972109315707923,18.301668144944557,19394.226617414613,0.011894302442669868,1.0,9980,98.87,1.433671287536621,0.1515352083683014
small,EvieKF,full,44,0.03162,3000.0,80.58,81.92,False,,,10000,1115.7207200527191,0.11157207200527192,0.00862461458285361,0.018,349.5341796875,6000,0.6,6.207874503161293e-05,1.465283898275232,78.8957894736842,0.007412050228015954,-0.005830492195636672,0.32532423910946234,0.8576212376356124,86.02028695394925,1147.2405029275772,106075914240.0,nan,nan,0.653483394780795,0.5642699975329052,13.399772642035135,19541.808537708574,0.009761546738445759,1.0,9980,98.77,1.4653459770202637,0.15592313151955606
large,AdamW,full,42,0.01,,81.91,83.32,False,,,10000,3723.1798770427704,0.37231798770427704,0.0013656172363351563,0.0038,1963.9931640625,5000,0.5,8.335018264915561e-06,1.514834657573593,80.26789473684211,0.005309170851054262,0.006923409012613276,0.1527466779221113,0.5421895056962965,27.10150707023813,343.79214603423145,1689037307904.0,nan,nan,nan,nan,nan,nan,nan,nan,0,98.92,1.5148429925918578,0.1481736911147833
large,AdamW,full,43,0.01,,81.59,83.1,False,,,10000,3722.6407902240753,0.37226407902240755,0.0013401944848617496,0.0038,1963.9931640625,4000,0.4,7.864045073802117e-06,1.5454134900580145,79.86421052631579,0.005300716944848465,0.01810499602949839,0.15538959633137236,0.5442704349756239,26.810425221559036,343.84193160977895,1689037307904.0,nan,nan,nan,nan,nan,nan,nan,nan,0,98.87,1.5454213541030883,0.1524623174905777
large,AdamW,full,44,0.01,,82.19,82.68,False,,,10000,3726.253830909729,0.37262538309097293,0.0011940452792510098,0.0021,1963.9931640625,3500,0.35,1.649832211114699e-05,1.4637914696268024,79.75578947368422,0.005112943972443244,-0.011719038014943131,0.13892643885219697,0.4438162848353383,26.648522366572962,343.5085364776399,1689037307904.0,nan,nan,nan,nan,nan,nan,nan,nan,0,98.89,1.4638079679489135,0.14716337504088878
large,AdaBelief,full,42,0.01,,81.96,83.02,False,,,10000,3782.8339858055115,0.37828339858055116,0.0012801697768190594,0.0021,1963.9931640625,4000,0.4,1.4418988939723931e-05,1.4188448446219002,79.81736842105263,0.005657277695852922,0.003272543764785954,0.14252681754098812,0.49878106117248505,24.80337012196553,338.3706514224516,1689037307904.0,nan,nan,nan,nan,nan,nan,nan,nan,0,98.94,1.41885926361084,0.14650151708722114
large,AdaBelief,full,43,0.01,,82.34,83.14,False,,,10000,3787.1120686531067,0.3787112068653107,0.0011987564010962233,0.0016,1963.9931640625,3500,0.35,1.4371164979820605e-05,1.4085827098286725,80.23421052631579,0.005609073031975055,0.007822015388016499,0.14636238618179487,0.5033231496810913,23.84503868396865,337.98841354468664,1689037307904.0,nan,nan,nan,nan,nan,nan,nan,nan,0,98.83,1.4085970809936523,0.1436562380105257
large,AdaBelief,full,44,0.01,,83.02,84.32,False,,,10000,3823.1726500988007,0.38231726500988006,0.0011873096882701012,0.0019,1963.9931640625,5000,0.5,3.0514148420479614e-05,1.3951363285029468,80.79315789473684,0.005612787550720666,0.0020867712765265047,0.1414712460035269,0.46441701203584623,24.104758720837015,334.80046996227634,1689037307904.0,nan,nan,nan,nan,nan,nan,nan,nan,0,98.92,1.3951668426513673,0.13914939424395562
large,EvieKF,full,42,0.03162,3000.0,81.57,82.6,False,,,10000,5563.959832668304,0.5563959832668305,0.0049566894294283135,0.0085,2198.7109375,4000,0.4,3.413183912925888e-05,1.3106993750788243,79.38052631578947,0.011826025181766587,0.005834732215485491,0.25261654345893036,0.738928747177124,97.5108483224781,230.05198428726817,1689037307904.0,nan,nan,0.659873907465941,0.606243560137275,14.212095367278547,110802.5556394577,0.012241804972290993,1.0,9980,98.85,1.3107335069179535,0.1451988359451294
large,EvieKF,full,43,0.03162,3000.0,81.34,82.68,False,,,10000,5599.165895938873,0.5599165895938873,0.005754198278508573,0.0082,2198.7109375,4500,0.45,1.518757062513032e-05,1.3342650702266161,79.3,0.011842129934702178,0.009610033889425227,0.248061021492687,0.7589612096548078,110.00016634524492,228.6054787068188,1689037307904.0,nan,nan,0.6623701893719748,0.5824716743013683,14.14031692461192,137593.94334818292,0.009773545898497105,1.0,9980,98.9,1.3342802577972412,0.1473493894815445
large,EvieKF,full,44,0.03162,3000.0,80.96,82.84,False,,,10000,5598.63600230217,0.559863600230217,0.0055686991070265915,0.0174,2198.7109375,4500,0.45,1.6527688785572536e-05,1.3425732119199791,79.43631578947368,0.01189877930481344,-0.0015691100873379184,0.2848544552538704,0.8402386397123336,109.36683057447804,228.62711551057464,1689037307904.0,nan,nan,0.6657350763095885,0.5829775123138544,17.21128586714729,117539.23530060056,0.010038278996944427,1.0,9980,98.98,1.3425897396087647,0.15254699293375015
